{
    "__createdwith": "opl's Model Creator",
    "ambientocclusion": true,
    "textures": {
        "bed": "randomblocks/bed",
        "particle": "blocks/wool_colored_red"
    },
    "elements": [
        {
            "from": [0,0,13],
            "to": [3,13,16],
            "faces": {
                "up": {
                    "uv": [0,11.75,0.75,12.5],
                    "texture": "#bed"
                },
                "down": {
                    "uv": [0.75,11.75,1.5,12.5],
                    "texture": "#bed"
                },
                "west": {
                    "uv": [0,12.5,0.75,15.75],
                    "texture": "#bed"
                },
                "east": {
                    "uv": [0,12.5,0.75,15.75],
                    "texture": "#bed"
                },
                "north": {
                    "uv": [0,12.5,0.75,15.75],
                    "texture": "#bed"
                },
                "south": {
                    "uv": [0,12.5,0.75,15.75],
                    "texture": "#bed"
                }
            }
        },
        {
            "from": [0,3,0],
            "to": [16,9,13],
            "faces": {
                "up": {
                    "uv": [0.25,3.25,4.25,6.5],
                    "texture": "#bed"
                },
                "down": {
                    "uv": [12,9.5,16,12.75],
                    "texture": "#bed"
                },
                "west": {
                    "uv": [12.75,2.25,16,3.75],
                    "texture": "#bed"
                },
                "east": {
                    "uv": [9.5,4.25,12.75,5.75],
                    "texture": "#bed"
                }
            }
        },
        {
            "from": [2,9,6],
            "to": [14,10,13],
            "faces": {
                "up": {
                    "uv": [0.75,6.5,3.75,8.25],
                    "texture": "#bed"
                },
                "west": {
                    "uv": [1.25,6.5,3.25,6.75],
                    "texture": "#bed"
                },
                "east": {
                    "uv": [1.25,6.5,3.25,6.75],
                    "texture": "#bed"
                },
                "north": {
                    "uv": [0.75,6.5,3.75,6.75],
                    "texture": "#bed"
                }
            }
        },
        {
            "from": [-0.5,9,3],
            "to": [16.5,9.5,6],
            "faces": {
                "up": {
                    "uv": [0,4,4.5,4.75],
                    "texture": "#bed"
                },
                "west": {
                    "uv": [13.5,2.25,14.25,2.5],
                    "texture": "#bed"
                },
                "east": {
                    "uv": [11.25,4.25,12,4.5],
                    "texture": "#bed"
                },
                "north": {
                    "uv": [0,4,4.5,4.25],
                    "texture": "#bed"
                },
                "south": {
                    "uv": [0,4.5,4.5,4.75],
                    "texture": "#bed"
                }
            }
        },
        {
            "from": [-0.5,2,3],
            "to": [0,9,6],
            "faces": {
                "down": {
                    "uv": [9.75,3.25,10,3.5],
                    "texture": "#bed"
                },
                "west": {
                    "uv": [13.5,2.5,14.25,4.25],
                    "texture": "#bed"
                },
                "east": {
                    "uv": [10.25,3.75,10.5,4],
                    "texture": "#bed"
                },
                "north": {
                    "uv": [11.75,4.5,12,6.25],
                    "texture": "#bed"
                },
                "south": {
                    "uv": [11.25,4.5,11.5,6.25],
                    "texture": "#bed"
                }
            }
        },
        {
            "from": [16,2,3],
            "to": [16.5,9,6],
            "faces": {
                "down": {
                    "uv": [15.75,5.75,16,6],
                    "texture": "#bed"
                },
                "west": {
                    "uv": [11.25,6,11.5,6.25],
                    "texture": "#bed"
                },
                "east": {
                    "uv": [11.25,4.5,12,6.25],
                    "texture": "#bed"
                },
                "north": {
                    "uv": [11.75,4.5,12,6.25],
                    "texture": "#bed"
                },
                "south": {
                    "uv": [11.25,4.5,11.5,6.25],
                    "texture": "#bed"
                }
            }
        },
        {
            "from": [16,2,0],
            "to": [16,3,3],
            "faces": {
                "west": {
                    "uv": [12.75,3.75,13.5,4],
                    "texture": "#bed"
                },
                "east": {
                    "uv": [12,5.75,12.75,6],
                    "texture": "#bed"
                }
            }
        },
        {
            "from": [0,2,0],
            "to": [0,3,3],
            "faces": {
                "west": {
                    "uv": [12.75,3.75,13.5,4],
                    "texture": "#bed"
                },
                "east": {
                    "uv": [12,5.75,12.75,6],
                    "texture": "#bed"
                }
            }
        },
        {
            "from": [13,0,13],
            "to": [16,13,16],
            "faces": {
                "up": {
                    "uv": [0,11.75,0.75,12.5],
                    "texture": "#bed"
                },
                "down": {
                    "uv": [0.75,11.75,1.5,12.5],
                    "texture": "#bed"
                },
                "west": {
                    "uv": [0,12.5,0.75,15.75],
                    "texture": "#bed"
                },
                "east": {
                    "uv": [0,12.5,0.75,15.75],
                    "texture": "#bed"
                },
                "north": {
                    "uv": [0,12.5,0.75,15.75],
                    "texture": "#bed"
                },
                "south": {
                    "uv": [0,12.5,0.75,15.75],
                    "texture": "#bed"
                }
            }
        },
        {
            "from": [3,1,13],
            "to": [13,12,15],
            "faces": {
                "up": {
                    "uv": [9.5,12.5,12,13],
                    "texture": "#bed"
                },
                "down": {
                    "uv": [7,13,9.5,13.5],
                    "texture": "#bed"
                },
                "west": {
                    "texture": "missingtexture"
                },
                "east": {
                    "texture": "missingtexture"
                },
                "north": {
                    "uv": [9.5,13,12,15.75],
                    "texture": "#bed"
                },
                "south": {
                    "uv": [9.5,13,12,15.75],
                    "texture": "#bed"
                }
            }
        }
    ]
}