{
    "__createdwith": "opl's Model Creator",
    "ambientocclusion": true,
    "textures": {
        "particle": "randomblocks/the_lie",
        "cake": "randomblocks/the_lie"
    },
    "elements": [
        {
            "from": [9,0,1],
            "to": [15,6,15],
            "faces": {
                "up": {
                    "uv": [4.5,0.5,7.5,7.5],
                    "texture": "#cake"
                },
                "down": {
                    "uv": [12.5,0.5,15.5,7.5],
                    "texture": "#cake"
                },
                "west": {
                    "uv": [0.5,11.5,7.5,14.5],
                    "texture": "#cake"
                },
                "east": {
                    "uv": [0.5,11.5,7.5,14.5],
                    "texture": "#cake"
                },
                "north": {
                    "uv": [4.5,11.5,7.5,14.5],
                    "texture": "#cake"
                },
                "south": {
                    "uv": [4.5,11.5,7.5,14.5],
                    "texture": "#cake"
                }
            }
        },
        {
            "from": [11,6,11],
            "to": [13,8,13],
            "faces": {
                "up": {
                    "uv": [3,9,4,10],
                    "texture": "#cake"
                },
                "west": {
                    "uv": [3,10,4,11],
                    "texture": "#cake"
                },
                "east": {
                    "uv": [2,9,3,10],
                    "texture": "#cake"
                },
                "north": {
                    "uv": [2,9,3,10],
                    "texture": "#cake"
                },
                "south": {
                    "uv": [3,10,4,11],
                    "texture": "#cake"
                }
            }
        },
        {
            "from": [11,6,3],
            "to": [13,8,5],
            "faces": {
                "up": {
                    "uv": [3,9,4,10],
                    "texture": "#cake"
                },
                "west": {
                    "uv": [3,10,4,11],
                    "texture": "#cake"
                },
                "east": {
                    "uv": [2,9,3,10],
                    "texture": "#cake"
                },
                "north": {
                    "uv": [2,9,3,10],
                    "texture": "#cake"
                },
                "south": {
                    "uv": [3,10,4,11],
                    "texture": "#cake"
                }
            }
        },
        {
            "from": [12,6,7],
            "to": [14,8,9],
            "faces": {
                "up": {
                    "uv": [3,9,4,10],
                    "texture": "#cake"
                },
                "west": {
                    "uv": [3,10,4,11],
                    "texture": "#cake"
                },
                "east": {
                    "uv": [2,9,3,10],
                    "texture": "#cake"
                },
                "north": {
                    "uv": [2,9,3,10],
                    "texture": "#cake"
                },
                "south": {
                    "uv": [3,10,4,11],
                    "texture": "#cake"
                }
            }
        },
        {
            "from": [10.5,6,2.5],
            "to": [13.5,6.5,5.5],
            "faces": {
                "up": {
                    "uv": [7,9,7.5,10],
                    "texture": "#cake"
                },
                "west": {
                    "uv": [6,9,7,10],
                    "texture": "#cake"
                },
                "east": {
                    "uv": [6,9,7,10],
                    "texture": "#cake"
                },
                "north": {
                    "uv": [6,9,7,10],
                    "texture": "#cake"
                },
                "south": {
                    "uv": [6,9,7,10],
                    "texture": "#cake"
                }
            }
        },
        {
            "from": [11.5,6,6.5],
            "to": [14.5,6.5,9.5],
            "faces": {
                "up": {
                    "uv": [7,9,7.5,10],
                    "texture": "#cake"
                },
                "west": {
                    "uv": [6,9,7,10],
                    "texture": "#cake"
                },
                "east": {
                    "uv": [6,9,7,10],
                    "texture": "#cake"
                },
                "north": {
                    "uv": [6,9,7,10],
                    "texture": "#cake"
                },
                "south": {
                    "uv": [6,9,7,10],
                    "texture": "#cake"
                }
            }
        },
        {
            "from": [10.5,6,10.5],
            "to": [13.5,6.5,13.5],
            "faces": {
                "up": {
                    "uv": [7,9,7.5,10],
                    "texture": "#cake"
                },
                "west": {
                    "uv": [6,9,7,10],
                    "texture": "#cake"
                },
                "east": {
                    "uv": [6,9,7,10],
                    "texture": "#cake"
                },
                "north": {
                    "uv": [6,9,7,10],
                    "texture": "#cake"
                },
                "south": {
                    "uv": [6,9,7,10],
                    "texture": "#cake"
                }
            }
        }
    ]
}