{
    "__createdwith": "opl's Model Creator",
    "ambientocclusion": false,
    "textures": {
        "particle": "blocks/iron_trapdoor"
    },
    "elements": [
        {
            "from": [0,13,13],
            "to": [16,16,16],
            "faces": {
                "up": {
                    "uv": [4,0,5,1],
                    "texture": "#particle"
                },
                "down": {
                    "uv": [14,9,15,12],
                    "texture": "#particle"
                },
                "west": {
                    "uv": [15,4,16,6],
                    "texture": "#particle"
                },
                "east": {
                    "uv": [14,6,16,9],
                    "texture": "#particle"
                },
                "north": {
                    "texture": "#particle"
                },
                "south": {
                    "texture": "#particle"
                }
            }
        },
        {
            "from": [0,0,13],
            "to": [16,3,16],
            "faces": {
                "up": {
                    "uv": [0,9,1,12],
                    "texture": "#particle"
                },
                "down": {
                    "uv": [2,15,3,16],
                    "texture": "#particle"
                },
                "west": {
                    "uv": [14,7,16,10],
                    "texture": "#particle"
                },
                "east": {
                    "uv": [14,8,16,11],
                    "texture": "#particle"
                },
                "north": {
                    "texture": "#particle"
                },
                "south": {
                    "texture": "#particle"
                }
            }
        },
        {
            "from": [0,3,13],
            "to": [3,13,16],
            "faces": {
                "west": {
                    "uv": [14,3,15,13],
                    "texture": "#particle"
                },
                "east": {
                    "uv": [15,3,16,6],
                    "texture": "#particle"
                },
                "north": {
                    "uv": [13,3,16,13],
                    "texture": "#particle"
                },
                "south": {
                    "texture": "#particle"
                }
            }
        },
        {
            "from": [13,3,13],
            "to": [16,13,16],
            "faces": {
                "west": {
                    "uv": [14,4,16,12],
                    "texture": "#particle"
                },
                "east": {
                    "uv": [14,3,16,13],
                    "texture": "#particle"
                },
                "north": {
                    "uv": [0,3,3,13],
                    "texture": "#particle"
                },
                "south": {
                    "texture": "#particle"
                }
            }
        },
        {
            "from": [5,3,14],
            "to": [7,13,15],
            "faces": {
                "west": {
                    "texture": "#particle"
                },
                "east": {
                    "texture": "#particle"
                },
                "north": {
                    "texture": "#particle"
                },
                "south": {
                    "texture": "#particle"
                }
            }
        },
        {
            "from": [3,5,14],
            "to": [13,7,15],
            "faces": {
                "up": {
                    "texture": "#particle"
                },
                "down": {
                    "texture": "#particle"
                },
                "north": {
                    "texture": "#particle"
                },
                "south": {
                    "texture": "#particle"
                }
            }
        },
        {
            "from": [9,3,14],
            "to": [11,13,15],
            "faces": {
                "west": {
                    "texture": "#particle"
                },
                "east": {
                    "texture": "#particle"
                },
                "north": {
                    "texture": "#particle"
                },
                "south": {
                    "texture": "#particle"
                }
            }
        },
        {
            "from": [3,9,14],
            "to": [13,11,15],
            "faces": {
                "up": {
                    "texture": "#particle"
                },
                "down": {
                    "texture": "#particle"
                },
                "north": {
                    "texture": "#particle"
                },
                "south": {
                    "texture": "#particle"
                }
            }
        }
    ]
}