{
    "__createdwith": "opl's Model Creator",
    "ambientocclusion": false,
    "textures": {
        "particle": "blocks/iron_trapdoor"
    },
    "elements": [
        {
            "from": [0,13,0],
            "to": [3,16,16],
            "faces": {
                "up": {
                    "texture": "#particle"
                },
                "down": {
                    "texture": "#particle"
                },
                "west": {
                    "uv": [0,6,1,11],
                    "texture": "#particle"
                },
                "east": {
                    "uv": [0,15,1,16],
                    "texture": "#particle"
                },
                "north": {
                    "uv": [3,0,4,1],
                    "texture": "#particle"
                },
                "south": {
                    "uv": [6,15,9,16],
                    "texture": "#particle"
                }
            }
        },
        {
            "from": [13,13,0],
            "to": [16,16,16],
            "faces": {
                "up": {
                    "texture": "#particle"
                },
                "down": {
                    "texture": "#particle"
                },
                "west": {
                    "uv": [0,15,1,16],
                    "texture": "#particle"
                },
                "east": {
                    "uv": [0,6,1,9],
                    "texture": "#particle"
                },
                "north": {
                    "uv": [3,0,4,1],
                    "texture": "#particle"
                },
                "south": {
                    "uv": [6,15,9,16],
                    "texture": "#particle"
                }
            }
        },
        {
            "from": [3,13,0],
            "to": [13,16,3],
            "faces": {
                "up": {
                    "texture": "#particle"
                },
                "down": {
                    "uv": [3,13,13,16],
                    "texture": "#particle"
                },
                "north": {
                    "uv": [3,0,4,1],
                    "texture": "#particle"
                },
                "south": {
                    "uv": [0,15,1,16],
                    "texture": "#particle"
                }
            }
        },
        {
            "from": [3,13,13],
            "to": [13,16,16],
            "faces": {
                "up": {
                    "texture": "#particle"
                },
                "down": {
                    "uv": [3,0,13,3],
                    "texture": "#particle"
                },
                "north": {
                    "uv": [0,15,1,16],
                    "texture": "#particle"
                },
                "south": {
                    "uv": [7,14,9,16],
                    "texture": "#particle"
                }
            }
        },
        {
            "from": [5,14,3],
            "to": [7,15,13],
            "faces": {
                "up": {
                    "texture": "#particle"
                },
                "down": {
                    "texture": "#particle"
                },
                "west": {
                    "uv": [14,7,16,8],
                    "texture": "#particle"
                },
                "east": {
                    "uv": [14,7,16,8],
                    "texture": "#particle"
                }
            }
        },
        {
            "from": [3,14,5],
            "to": [13,15,7],
            "faces": {
                "up": {
                    "texture": "#particle"
                },
                "down": {
                    "texture": "#particle"
                },
                "north": {
                    "uv": [14,7,16,8],
                    "texture": "#particle"
                },
                "south": {
                    "uv": [14,6,16,7],
                    "texture": "#particle"
                }
            }
        },
        {
            "from": [3,14,9],
            "to": [13,15,11],
            "faces": {
                "up": {
                    "texture": "#particle"
                },
                "down": {
                    "texture": "#particle"
                },
                "north": {
                    "uv": [14,7,16,8],
                    "texture": "#particle"
                },
                "south": {
                    "uv": [14,8,16,9],
                    "texture": "#particle"
                }
            }
        },
        {
            "from": [9,14,3],
            "to": [11,15,13],
            "faces": {
                "up": {
                    "texture": "#particle"
                },
                "down": {
                    "texture": "#particle"
                },
                "west": {
                    "uv": [14,8,16,9],
                    "texture": "#particle"
                },
                "east": {
                    "uv": [14,6,16,7],
                    "texture": "#particle"
                }
            }
        }
    ]
}