{
    "__createdwith": "opl's Model Creator",
    "ambientocclusion": false,
    "textures": {
        "ladder": "randomblocks/ladder",
        "particle": "blocks/planks_oak"
    },
    "elements": [
        {
            "from": [3,0,14],
            "to": [5,16,16],
            "faces": {
                "up": {
                    "uv": [2,0,3,1],
                    "texture": "#ladder"
                },
                "down": {
                    "uv": [2,0,3,1],
                    "texture": "#ladder"
                },
                "west": {
                    "uv": [16,0,14,16],
                    "texture": "#ladder"
                },
                "east": {
                    "uv": [14,0,16,16],
                    "texture": "#ladder"
                },
                "north": {
                    "uv": [10,0,12,16],
                    "texture": "#ladder"
                },
                "south": {
                    "uv": [2,0,4,16],
                    "texture": "#ladder"
                }
            }
        },
        {
            "from": [11,0,14],
            "to": [13,16,16],
            "faces": {
                "up": {
                    "uv": [2,0,3,1],
                    "texture": "#ladder"
                },
                "down": {
                    "uv": [2,0,3,1],
                    "texture": "#ladder"
                },
                "west": {
                    "uv": [16,0,14,16],
                    "texture": "#ladder"
                },
                "east": {
                    "uv": [14,0,16,16],
                    "texture": "#ladder"
                },
                "north": {
                    "uv": [2,0,4,16],
                    "texture": "#ladder"
                },
                "south": {
                    "uv": [10,0,12,16],
                    "texture": "#ladder"
                }
            }
        },
        {
            "from": [1,11,14],
            "to": [15,13,16],
            "faces": {
                "up": {
                    "uv": [4,3,5,4],
                    "texture": "#ladder"
                },
                "down": {
                    "uv": [4,4,5,5],
                    "texture": "#ladder"
                },
                "west": {
                    "uv": [14,3,13,5],
                    "texture": "#ladder"
                },
                "east": {
                    "uv": [13,3,14,5],
                    "texture": "#ladder"
                },
                "north": {
                    "uv": [0,3,14,5],
                    "texture": "#ladder"
                },
                "south": {
                    "uv": [0,3,14,5],
                    "texture": "#ladder"
                }
            }
        },
        {
            "from": [1,3,14],
            "to": [15,5,16],
            "faces": {
                "up": {
                    "uv": [4,11,5,12],
                    "texture": "#ladder"
                },
                "down": {
                    "uv": [4,12,5,13],
                    "texture": "#ladder"
                },
                "west": {
                    "uv": [14,3,13,5],
                    "texture": "#ladder"
                },
                "east": {
                    "uv": [13,3,14,5],
                    "texture": "#ladder"
                },
                "north": {
                    "uv": [0,11,14,13],
                    "texture": "#ladder"
                },
                "south": {
                    "uv": [0,11,14,13],
                    "texture": "#ladder"
                }
            }
        },
        {
            "from": [3,3,13],
            "to": [5,5,14],
            "faces": {
                "up": {
                    "uv": [6,3,8,4],
                    "texture": "#ladder"
                },
                "down": {
                    "uv": [12,4,14,5],
                    "texture": "#ladder"
                },
                "west": {
                    "uv": [13,3,12,5],
                    "texture": "#ladder"
                },
                "east": {
                    "uv": [13,3,14,5],
                    "texture": "#ladder"
                },
                "north": {
                    "uv": [10,11,12,13],
                    "texture": "#ladder"
                },
                "south": {
                    "texture": "#ladder"
                }
            }
        },
        {
            "from": [3,11,13],
            "to": [5,13,14],
            "faces": {
                "up": {
                    "uv": [6,3,8,4],
                    "texture": "#ladder"
                },
                "down": {
                    "uv": [12,4,14,5],
                    "texture": "#ladder"
                },
                "west": {
                    "uv": [13,3,12,5],
                    "texture": "#ladder"
                },
                "east": {
                    "texture": "#ladder"
                },
                "north": {
                    "uv": [10,3,12,5],
                    "texture": "#ladder"
                },
                "south": {
                    "texture": "#ladder"
                }
            }
        },
        {
            "from": [11,11,13],
            "to": [13,13,14],
            "faces": {
                "up": {
                    "uv": [6,3,8,4],
                    "texture": "#ladder"
                },
                "down": {
                    "uv": [12,4,14,5],
                    "texture": "#ladder"
                },
                "west": {
                    "uv": [13,3,12,5],
                    "texture": "#ladder"
                },
                "east": {
                    "texture": "#ladder"
                },
                "north": {
                    "uv": [2,11,4,13],
                    "texture": "#ladder"
                },
                "south": {
                    "texture": "#ladder"
                }
            }
        },
        {
            "from": [11,3,13],
            "to": [13,5,14],
            "faces": {
                "up": {
                    "uv": [6,3,8,4],
                    "texture": "#ladder"
                },
                "down": {
                    "uv": [12,4,14,5],
                    "texture": "#ladder"
                },
                "west": {
                    "uv": [13,3,12,5],
                    "texture": "#ladder"
                },
                "east": {
                    "uv": [13,3,14,5],
                    "texture": "#ladder"
                },
                "north": {
                    "uv": [2,3,4,5],
                    "texture": "#ladder"
                },
                "south": {
                    "texture": "#ladder"
                }
            }
        }
    ]
}