{
    "__createdwith": "opl's Model Creator",
    "ambientocclusion": true,
    "textures": {
        "particle": "randomblocks/fence/dark_oak",
        "planks": "blocks/planks_big_oak"
    },
    "elements": [
        {
            "from": [0,0,7],
            "to": [2,16,9],
            "faces": {
                "up": {
                    "uv": [0,7,2,9],
                    "texture": "#particle"
                },
                "down": {
                    "texture": "#particle"
                },
                "west": {
                    "uv": [0,0,2,16],
                    "texture": "#particle"
                },
                "east": {
                    "uv": [0,0,2,16],
                    "texture": "#particle"
                },
                "north": {
                    "uv": [11,0,13,16],
                    "texture": "#particle"
                },
                "south": {
                    "uv": [11,0,13,16],
                    "texture": "#particle"
                }
            }
        },
        {
            "from": [14,0,7],
            "to": [16,16,9],
            "faces": {
                "up": {
                    "uv": [0,7,2,9],
                    "texture": "#particle"
                },
                "down": {
                    "texture": "#particle"
                },
                "west": {
                    "uv": [11,0,13,16],
                    "texture": "#particle"
                },
                "east": {
                    "uv": [11,0,13,16],
                    "texture": "#particle"
                },
                "north": {
                    "uv": [0,0,2,16],
                    "texture": "#particle"
                },
                "south": {
                    "uv": [0,0,2,16],
                    "texture": "#particle"
                }
            }
        },
        {
            "from": [6,0,7],
            "to": [10,16,9],
            "faces": {
                "up": {
                    "uv": [2,0,6,2],
                    "texture": "#planks"
                },
                "down": {
                    "uv": [6,5,10,7],
                    "texture": "#planks"
                },
                "west": {
                    "uv": [11,0,13,16],
                    "texture": "#particle"
                },
                "east": {
                    "uv": [11,0,13,16],
                    "texture": "#particle"
                },
                "north": {
                    "uv": [0,0,4,16],
                    "texture": "#particle"
                },
                "south": {
                    "uv": [0,0,4,16],
                    "texture": "#particle"
                }
            }
        },
        {
            "from": [2,12,7],
            "to": [6,15,9],
            "faces": {
                "up": {
                    "uv": [2,0,6,2],
                    "texture": "#planks"
                },
                "down": {
                    "uv": [6,5,10,7],
                    "texture": "#planks"
                },
                "north": {
                    "uv": [10,0,14,3],
                    "texture": "#planks"
                },
                "south": {
                    "uv": [10,0,14,3],
                    "texture": "#planks"
                }
            }
        },
        {
            "from": [2,1,7],
            "to": [6,4,9],
            "faces": {
                "up": {
                    "uv": [2,0,6,2],
                    "texture": "#planks"
                },
                "down": {
                    "uv": [6,5,10,7],
                    "texture": "#planks"
                },
                "north": {
                    "uv": [10,5,14,8],
                    "texture": "#planks"
                },
                "south": {
                    "uv": [10,5,14,8],
                    "texture": "#planks"
                }
            }
        },
        {
            "from": [10,12,7],
            "to": [14,15,9],
            "faces": {
                "up": {
                    "uv": [2,0,6,2],
                    "texture": "#planks"
                },
                "down": {
                    "uv": [6,5,10,7],
                    "texture": "#planks"
                },
                "north": {
                    "uv": [10,5,14,8],
                    "texture": "#planks"
                },
                "south": {
                    "uv": [10,5,14,8],
                    "texture": "#planks"
                }
            }
        },
        {
            "from": [10,1,7],
            "to": [14,4,9],
            "faces": {
                "up": {
                    "uv": [2,0,6,2],
                    "texture": "#planks"
                },
                "down": {
                    "uv": [6,5,10,7],
                    "texture": "#planks"
                },
                "north": {
                    "uv": [10,0,14,3],
                    "texture": "#planks"
                },
                "south": {
                    "uv": [10,11,14,14],
                    "texture": "#planks"
                }
            }
        },
        {
            "from": [2,6,7],
            "to": [6,10,9],
            "faces": {
                "up": {
                    "uv": [2,0,6,2],
                    "texture": "#planks"
                },
                "down": {
                    "uv": [6,5,10,7],
                    "texture": "#planks"
                },
                "north": {
                    "uv": [10,5,14,9],
                    "texture": "#planks"
                },
                "south": {
                    "uv": [10,5,14,9],
                    "texture": "#planks"
                }
            }
        },
        {
            "from": [10,6,7],
            "to": [14,10,9],
            "faces": {
                "up": {
                    "uv": [2,0,6,2],
                    "texture": "#planks"
                },
                "down": {
                    "uv": [6,5,10,7],
                    "texture": "#planks"
                },
                "north": {
                    "uv": [10,0,14,4],
                    "texture": "#planks"
                },
                "south": {
                    "uv": [10,0,14,4],
                    "texture": "#planks"
                }
            }
        }
    ]
}