{
    "__createdwith": "opl's Model Creator",
    "ambientocclusion": true,
    "textures": {
        "particle": "randomblocks/fence/spruce",
        "planks": "blocks/planks_spruce"
    },
    "elements": [
        {
            "from": [0,12,4],
            "to": [4,14,9],
            "faces": {
                "up": {
                    "uv": [0,0,4,5],
                    "texture": "#particle"
                },
                "down": {
                    "uv": [0,0,4,5],
                    "texture": "#particle"
                },
                "west": {
                    "texture": "#planks"
                },
                "east": {
                    "texture": "#planks"
                },
                "south": {
                    "texture": "#planks"
                }
            }
        },
        {
            "from": [0,0,2],
            "to": [4,15,4],
            "faces": {
                "up": {
                    "uv": [0,0,4,2],
                    "texture": "#planks"
                },
                "down": {
                    "uv": [0,0,4,2],
                    "texture": "#planks"
                },
                "west": {
                    "uv": [11,1,13,16],
                    "texture": "#particle"
                },
                "east": {
                    "uv": [0,1,2,16],
                    "texture": "#particle"
                },
                "north": {
                    "texture": "#particle"
                },
                "south": {
                    "texture": "#particle"
                }
            }
        },
        {
            "from": [0,5,7],
            "to": [1,12,9],
            "faces": {
                "west": {
                    "uv": [0,2,2,9],
                    "texture": "#particle"
                },
                "east": {
                    "uv": [11,2,13,11],
                    "texture": "#particle"
                },
                "north": {
                    "uv": [0,4,1,11],
                    "texture": "#particle"
                },
                "south": {
                    "uv": [3,4,4,11],
                    "texture": "#particle"
                }
            }
        },
        {
            "from": [0,3,4],
            "to": [4,5,9],
            "faces": {
                "up": {
                    "uv": [0,0,4,5],
                    "texture": "#particle"
                },
                "down": {
                    "uv": [0,11,4,16],
                    "texture": "#particle"
                },
                "west": {
                    "texture": "#planks"
                },
                "east": {
                    "texture": "#planks"
                },
                "south": {
                    "texture": "#planks"
                }
            }
        },
        {
            "from": [15,5,7],
            "to": [16,12,9],
            "faces": {
                "west": {
                    "uv": [11,1,13,8],
                    "texture": "#particle"
                },
                "east": {
                    "uv": [11,2,13,11],
                    "texture": "#particle"
                },
                "north": {
                    "uv": [14,2,15,9],
                    "texture": "#particle"
                },
                "south": {
                    "uv": [11,2,12,9],
                    "texture": "#particle"
                }
            }
        },
        {
            "from": [12,12,4],
            "to": [16,14,9],
            "faces": {
                "up": {
                    "uv": [0,0,4,5],
                    "texture": "#particle"
                },
                "down": {
                    "uv": [0,0,4,5],
                    "texture": "#particle"
                },
                "west": {
                    "texture": "#planks"
                },
                "east": {
                    "texture": "#planks"
                },
                "south": {
                    "texture": "#planks"
                }
            }
        },
        {
            "from": [12,0,2],
            "to": [16,15,4],
            "faces": {
                "up": {
                    "uv": [12,0,16,2],
                    "texture": "#planks"
                },
                "down": {
                    "uv": [0,0,4,2],
                    "texture": "#planks"
                },
                "west": {
                    "uv": [11,1,13,16],
                    "texture": "#particle"
                },
                "east": {
                    "uv": [5,1,7,16],
                    "texture": "#particle"
                },
                "north": {
                    "uv": [11,1,15,16],
                    "texture": "#particle"
                },
                "south": {
                    "uv": [11,1,15,16],
                    "texture": "#particle"
                }
            }
        },
        {
            "from": [12,3,4],
            "to": [16,5,9],
            "faces": {
                "up": {
                    "uv": [0,0,4,5],
                    "texture": "#particle"
                },
                "down": {
                    "uv": [0,11,4,16],
                    "texture": "#particle"
                },
                "west": {
                    "texture": "#planks"
                },
                "east": {
                    "texture": "#planks"
                },
                "south": {
                    "texture": "#planks"
                }
            }
        }
    ]
}