{
    "__createdwith": "opl's Model Creator",
    "ambientocclusion": false,
    "textures": {
        "rail": "randomblocks/rail/normal",
        "particle": "blocks/rail_golden",
        "booster": "blocks/rail_golden"
    },
    "elements": [
        {
            "from": [2.99,-0.01,-7.99],
            "to": [5.99,2.01,15.99],
			"rotation": { "origin": [ 0, 0.333, 15.333 ], "axis": "x", "angle": 45 },
            "faces": {
                "up": {
                    "uv": [3,0,6,16],
                    "texture": "#booster"
                },
                "down": {
                    "uv": [3,0,6,1],
                    "texture": "#booster"
                },
                "west": {
                    "uv": [8,1,16,2],
                    "texture": "#rail"
                },
                "east": {
                    "uv": [5,6,6,8],
                    "texture": "#booster"
                },
                "north": {
                    "uv": [10,15,13,16],
                    "texture": "#booster"
                },
                "south": {
                    "uv": [3,15,6,16],
                    "texture": "#booster"
                }
            }
        },
        {
            "from": [9.99,-0.01,-7.99],
            "to": [12.99,2.01,15.99],
			"rotation": { "origin": [ 0, 0.333, 15.333 ], "axis": "x", "angle": 45 },
            "faces": {
                "up": {
                    "uv": [10,0,13,16],
                    "texture": "#booster"
                },
                "down": {
                    "uv": [10,0,13,1],
                    "texture": "#booster"
                },
                "west": {
                    "uv": [5,6,6,8],
                    "texture": "#booster"
                },
                "east": {
                    "uv": [8,0,16,1],
                    "texture": "#rail"
                },
                "north": {
                    "uv": [3,15,6,16],
                    "texture": "#booster"
                },
                "south": {
                    "uv": [10,15,13,16],
                    "texture": "#booster"
                }
            }
        },
        {
            "from": [1,0.02,3],
            "to": [15,1,6],
			"rotation": { "origin": [ 0, 0.333, 15.333 ], "axis": "x", "angle": 45 },
            "faces": {
                "up": {
                    "uv": [1,3,15,6],
                    "texture": "#booster"
                },
                "down": {
                    "uv": [0.5,2.5,1.5,3],
                    "texture": "#rail"
                },
                "west": {
                    "uv": [3.5,2.5,5,3],
                    "texture": "#rail"
                },
                "east": {
                    "uv": [3,2.5,4.5,3],
                    "texture": "#rail"
                },
                "north": {
                    "uv": [1,5,15,6],
                    "texture": "#booster"
                },
                "south": {
                    "uv": [1,5,15,6],
                    "texture": "#booster"
                }
            }
        },
        {
            "from": [1,0.02,11],
            "to": [15,1,14],
			"rotation": { "origin": [ 0, 0.333, 15.333 ], "axis": "x", "angle": 45 },
            "faces": {
                "up": {
                    "uv": [1,11,15,14],
                    "texture": "#booster"
                },
                "down": {
                    "uv": [0.5,2.5,1.5,3],
                    "texture": "#rail"
                },
                "west": {
                    "uv": [3.5,2.5,5,3],
                    "texture": "#rail"
                },
                "east": {
                    "uv": [3,2.5,4.5,3],
                    "texture": "#rail"
                },
                "north": {
                    "uv": [1,5,15,6],
                    "texture": "#booster"
                },
                "south": {
                    "uv": [1,5,15,6],
                    "texture": "#booster"
                }
            }
        },
        {
            "from": [2,0.01,-7.01],
            "to": [3,0.6,15.99],
			"rotation": { "origin": [ 0, 0.333, 15.333 ], "axis": "x", "angle": 45 },
            "faces": {
                "up": {
                    "uv": [2,2,3,3],
                    "texture": "#booster"
                },
                "down": {
                    "uv": [2,2,3,3],
                    "texture": "#booster"
                },
                "west": {
                    "uv": [2,14,3,15],
                    "texture": "#booster"
                },
                "north": {
                    "uv": [2,2,3,3],
                    "texture": "#booster"
                },
                "south": {
                    "uv": [2,2,3,3],
                    "texture": "#booster"
                }
            }
        },
        {
            "from": [13,0.01,-7.01],
            "to": [14,0.6,16],
			"rotation": { "origin": [ 0, 0.333, 15.333 ], "axis": "x", "angle": 45 },
            "faces": {
                "up": {
                    "uv": [2,2,3,3],
                    "texture": "#booster"
                },
                "down": {
                    "uv": [2,2,3,3],
                    "texture": "#booster"
                },
                "east": {
                    "uv": [13,6,14,7],
                    "texture": "#booster"
                },
                "north": {
                    "uv": [2,2,3,3],
                    "texture": "#booster"
                },
                "south": {
                    "uv": [2,2,3,3],
                    "texture": "#booster"
				}
			}
        },
		{
		    "from": [1,0,-4.5],
            "to": [15,1,-1.5],
			"rotation": { "origin": [ 0, 0.333, 15.333 ], "axis": "x", "angle": 45 },
            "faces": {
                "up": {
                    "uv": [1,3,15,6],
                    "texture": "#booster"
                },
                "down": {
                    "uv": [0.5,2.5,1.5,3],
                    "texture": "#rail"
                },
                "west": {
                    "uv": [3.5,2.5,5,3],
                    "texture": "#rail"
                },
                "east": {
                    "uv": [3,2.5,4.5,3],
                    "texture": "#rail"
                },
                "north": {
                    "uv": [1,5,15,6],
                    "texture": "#booster"
                },
                "south": {
                    "uv": [1,5,15,6],
                    "texture": "#booster"
                }
            }
        }
    ]
}