{
    "__createdwith": "opl's Model Creator",
    "ambientocclusion": false,
    "textures": {
        "rail": "randomblocks/rail/normal",
        "particle": "blocks/rail_detector_powered",
        "detector": "blocks/rail_detector_powered"
    },
    "elements": [
        {
            "from": [3,0,0],
            "to": [5,2,16],
            "faces": {
                "up": {
                    "texture": "#detector"
                },
                "down": {
                    "uv": [8.5,0.5,9,1],
                    "texture": "#rail"
                },
                "west": {
                    "uv": [8,1,16,2],
                    "texture": "#rail"
                },
                "east": {
                    "uv": [8,0,16,1],
                    "texture": "#rail"
                },
                "north": {
                    "uv": [11,0,12,1],
                    "texture": "#rail"
                },
                "south": {
                    "uv": [11,0,12,1],
                    "texture": "#rail"
                }
            }
        },
        {
            "from": [11,0,0],
            "to": [13,2,16],
            "faces": {
                "up": {
                    "texture": "#detector"
                },
                "down": {
                    "uv": [8.5,0.5,9,1],
                    "texture": "#rail"
                },
                "west": {
                    "uv": [8,1,16,2],
                    "texture": "#rail"
                },
                "east": {
                    "uv": [8,0,16,1],
                    "texture": "#rail"
                },
                "north": {
                    "uv": [11,0,12,1],
                    "texture": "#rail"
                },
                "south": {
                    "uv": [11,0,12,1],
                    "texture": "#rail"
                }
            }
        },
        {
            "from": [1,0.02,3],
            "to": [15,1,6],
            "faces": {
                "up": {
                    "texture": "#detector"
                },
                "down": {
                    "uv": [0.5,2.5,1.5,3],
                    "texture": "#rail"
                },
                "west": {
                    "uv": [3.5,2.5,5,3],
                    "texture": "#rail"
                },
                "east": {
                    "uv": [3,2.5,4.5,3],
                    "texture": "#rail"
                },
                "north": {
                    "uv": [1,5,15,6],
                    "texture": "#detector"
                },
                "south": {
                    "uv": [1,5,15,6],
                    "texture": "#detector"
                }
            }
        },
        {
            "from": [1,0.02,11],
            "to": [15,1,14],
            "faces": {
                "up": {
                    "texture": "#detector"
                },
                "down": {
                    "uv": [0.5,2.5,1.5,3],
                    "texture": "#rail"
                },
                "west": {
                    "uv": [3.5,2.5,5,3],
                    "texture": "#rail"
                },
                "east": {
                    "uv": [3,2.5,4.5,3],
                    "texture": "#rail"
                },
                "north": {
                    "uv": [1,5,15,6],
                    "texture": "#detector"
                },
                "south": {
                    "uv": [1,5,15,6],
                    "texture": "#detector"
                }
            }
        },
        {
            "from": [2,0.01,0],
            "to": [3,0.5,16],
            "faces": {
                "up": {
                    "texture": "#detector"
                },
                "down": {
                    "uv": [2,2,3,3],
                    "texture": "#detector"
                },
                "west": {
                    "uv": [2,14,3,15],
                    "texture": "#detector"
                },
                "north": {
                    "uv": [2,2,3,3],
                    "texture": "#detector"
                },
                "south": {
                    "uv": [2,2,3,3],
                    "texture": "#detector"
                }
            }
        },
        {
            "from": [13,0.01,0],
            "to": [14,0.5,16],
            "faces": {
                "up": {
                    "texture": "#detector"
                },
                "down": {
                    "uv": [2,2,3,3],
                    "texture": "#detector"
                },
                "east": {
                    "uv": [13,6,14,7],
                    "texture": "#detector"
                },
                "north": {
                    "uv": [2,2,3,3],
                    "texture": "#detector"
                },
                "south": {
                    "uv": [2,2,3,3],
                    "texture": "#detector"
                }
            }
        },
        {
            "from": [6,1,6],
            "to": [10,1.5,11],
            "faces": {
                "up": {
                    "texture": "#detector"
                },
                "down": {
                    "uv": [6,10,10,11],
                    "texture": "#detector"
                },
                "west": {
                    "uv": [6,10,10,11],
                    "texture": "#detector"
                },
                "east": {
                    "uv": [6,10,10,11],
                    "texture": "#detector"
                },
                "north": {
                    "uv": [6,10,10,11],
                    "texture": "#detector"
                },
                "south": {
                    "uv": [6,10,10,11],
                    "texture": "#detector"
                }
            }
        },
        {
            "from": [5,0,8],
            "to": [11,1,9],
            "faces": {
                "up": {
                    "uv": [6,10,10,11],
                    "texture": "#detector"
                },
                "down": {
                    "uv": [6,10,10,11],
                    "texture": "#detector"
                },
                "north": {
                    "uv": [6,10,10,11],
                    "texture": "#detector"
                },
                "south": {
                    "uv": [6,10,10,11],
                    "texture": "#detector"
                }
            }
        }
    ]
}