{
    "__createdwith": "opl's Model Creator",
    "ambientocclusion": false,
    "textures": {
        "rail": "randomblocks/rail/normal",
        "particle": "blocks/rail_normal"
    },
    "elements": [
        {
            "from": [2.99,-0.01,-7.99],
            "to": [4.99,2,15.99],
			"rotation": { "origin": [ 0, 0.333, 15.333 ], "axis": "x", "angle": 45 },
            "faces": {
                "up": {
                    "uv": [5.5,0,6.5,8],
                    "texture": "#rail"
                },
                "down": {
                    "uv": [8.5,0.5,9.5,1],
                    "texture": "#rail"
                },
                "west": {
                    "uv": [8,1,16,2],
                    "texture": "#rail"
                },
                "east": {
                    "uv": [8,0,16,1],
                    "texture": "#rail"
                },
                "north": {
                    "uv": [8,1,9,2],
                    "texture": "#rail"
                },
                "south": {
                    "uv": [8,1,9,2],
                    "texture": "#rail"
                }
            }
        },
        {
            "from": [10.99,-0.01,-7.99],
            "to": [12.99,2,15.99],
			"rotation": { "origin": [ 0, 0.333, 15.333 ], "axis": "x", "angle": 45 },
            "faces": {
                "up": {
                    "uv": [1.5,0,2.5,8],
                    "texture": "#rail"
                },
                "down": {
                    "uv": [8.5,0.5,9.5,1],
                    "texture": "#rail"
                },
                "west": {
                    "uv": [8,1,16,2],
                    "texture": "#rail"
                },
                "east": {
                    "uv": [8,0,16,1],
                    "texture": "#rail"
                },
                "north": {
                    "uv": [8,1,9,2],
                    "texture": "#rail"
                },
                "south": {
                    "uv": [8,1,9,2],
                    "texture": "#rail"
                }
            }
        },
        {
            "from": [1,0,3],
            "to": [15,1,6],
			"rotation": { "origin": [ 0, 0.333, 15.333 ], "axis": "x", "angle": 45 },
            "faces": {
                "up": {
                    "uv": [0.5,5.5,7.5,7],
                    "texture": "#rail"
                },
                "down": {
                    "uv": [0.5,2.5,1.5,3],
                    "texture": "#rail"
                },
                "west": {
                    "uv": [3.5,2.5,5,3],
                    "texture": "#rail"
                },
                "east": {
                    "uv": [3,2.5,4.5,3],
                    "texture": "#rail"
                },
                "north": {
                    "uv": [0.5,2.5,7.5,3],
                    "texture": "#rail"
                },
                "south": {
                    "uv": [0.5,2.5,7.5,3],
                    "texture": "#rail"
                }
            }
        },
        {
            "from": [1,0,11],
            "to": [15,1,14],
			"rotation": { "origin": [ 0, 0.333, 15.333 ], "axis": "x", "angle": 45 },
            "faces": {
                "up": {
                    "uv": [0.5,1.5,7.5,3],
                    "texture": "#rail"
                },
                "down": {
                    "uv": [0.5,2.5,1.5,3],
                    "texture": "#rail"
                },
                "west": {
                    "uv": [3.5,2.5,5,3],
                    "texture": "#rail"
                },
                "east": {
                    "uv": [3,2.5,4.5,3],
                    "texture": "#rail"
                },
                "north": {
                    "uv": [0.5,2.5,7.5,3],
                    "texture": "#rail"
                },
                "south": {
                    "uv": [0.5,2.5,7.5,3],
                    "texture": "#rail"
                }
            }
        },
		{
		    "from": [1,0,-4.5],
            "to": [15,1,-1.5],
			"rotation": { "origin": [ 0, 0.333, 15.333 ], "axis": "x", "angle": 45 },
            "faces": {
                "up": {
                    "uv": [0.5,5.5,7.5,7],
                    "texture": "#rail"
                },
                "down": {
                    "uv": [0.5,2.5,1.5,3],
                    "texture": "#rail"
                },
                "west": {
                    "uv": [3.5,2.5,5,3],
                    "texture": "#rail"
                },
                "east": {
                    "uv": [3,2.5,4.5,3],
                    "texture": "#rail"
                },
                "north": {
                    "uv": [0.5,2.5,7.5,3],
                    "texture": "#rail"
                },
                "south": {
                    "uv": [0.5,2.5,7.5,3],
                    "texture": "#rail"
                }
            }
        }
    ]
}