{
    "__createdwith": "opl's Model Creator",
    "ambientocclusion": true,
    "textures": {
        "particle": "randomblocks/the_lie",
        "cake": "randomblocks/the_lie",
        "fire": "randomblocks/cake_fire",
        "water": "blocks/water_still"
    },
    "elements": [
        {
            "from": [1,0,1],
            "to": [15,6,15],
            "faces": {
                "up": {
                    "uv": [0.5,0.5,7.5,7.5],
                    "texture": "#cake"
                },
                "down": {
                    "uv": [8.5,0.5,15.5,7.5],
                    "texture": "#cake"
                },
                "west": {
                    "uv": [0.5,11.5,7.5,14.5],
                    "texture": "#cake"
                },
                "east": {
                    "uv": [0.5,11.5,7.5,14.5],
                    "texture": "#cake"
                },
                "north": {
                    "uv": [0.5,11.5,7.5,14.5],
                    "texture": "#cake"
                },
                "south": {
                    "uv": [0.5,11.5,7.5,14.5],
                    "texture": "#cake"
                }
            }
        },
        {
            "from": [3,6,3],
            "to": [5,8,5],
            "faces": {
                "up": {
                    "uv": [3,9,4,10],
                    "texture": "#cake"
                },
                "west": {
                    "uv": [3,10,4,11],
                    "texture": "#cake"
                },
                "east": {
                    "uv": [2,9,3,10],
                    "texture": "#cake"
                },
                "north": {
                    "uv": [2,9,3,10],
                    "texture": "#cake"
                },
                "south": {
                    "uv": [3,10,4,11],
                    "texture": "#cake"
                }
            }
        },
        {
            "from": [11,6,11],
            "to": [13,8,13],
            "faces": {
                "up": {
                    "uv": [3,9,4,10],
                    "texture": "#cake"
                },
                "west": {
                    "uv": [3,10,4,11],
                    "texture": "#cake"
                },
                "east": {
                    "uv": [2,9,3,10],
                    "texture": "#cake"
                },
                "north": {
                    "uv": [2,9,3,10],
                    "texture": "#cake"
                },
                "south": {
                    "uv": [3,10,4,11],
                    "texture": "#cake"
                }
            }
        },
        {
            "from": [3,6,11],
            "to": [5,8,13],
            "faces": {
                "up": {
                    "uv": [3,9,4,10],
                    "texture": "#cake"
                },
                "west": {
                    "uv": [3,10,4,11],
                    "texture": "#cake"
                },
                "east": {
                    "uv": [2,9,3,10],
                    "texture": "#cake"
                },
                "north": {
                    "uv": [2,9,3,10],
                    "texture": "#cake"
                },
                "south": {
                    "uv": [3,10,4,11],
                    "texture": "#cake"
                }
            }
        },
        {
            "from": [11,6,3],
            "to": [13,8,5],
            "faces": {
                "up": {
                    "uv": [3,9,4,10],
                    "texture": "#cake"
                },
                "west": {
                    "uv": [3,10,4,11],
                    "texture": "#cake"
                },
                "east": {
                    "uv": [2,9,3,10],
                    "texture": "#cake"
                },
                "north": {
                    "uv": [2,9,3,10],
                    "texture": "#cake"
                },
                "south": {
                    "uv": [3,10,4,11],
                    "texture": "#cake"
                }
            }
        },
        {
            "from": [7,6,2],
            "to": [9,8,4],
            "faces": {
                "up": {
                    "uv": [3,9,4,10],
                    "texture": "#cake"
                },
                "west": {
                    "uv": [3,10,4,11],
                    "texture": "#cake"
                },
                "east": {
                    "uv": [2,9,3,10],
                    "texture": "#cake"
                },
                "north": {
                    "uv": [2,9,3,10],
                    "texture": "#cake"
                },
                "south": {
                    "uv": [3,10,4,11],
                    "texture": "#cake"
                }
            }
        },
        {
            "from": [12,6,7],
            "to": [14,8,9],
            "faces": {
                "up": {
                    "uv": [3,9,4,10],
                    "texture": "#cake"
                },
                "west": {
                    "uv": [3,10,4,11],
                    "texture": "#cake"
                },
                "east": {
                    "uv": [2,9,3,10],
                    "texture": "#cake"
                },
                "north": {
                    "uv": [2,9,3,10],
                    "texture": "#cake"
                },
                "south": {
                    "uv": [3,10,4,11],
                    "texture": "#cake"
                }
            }
        },
        {
            "from": [7,6,12],
            "to": [9,8,14],
            "faces": {
                "up": {
                    "uv": [3,9,4,10],
                    "texture": "#cake"
                },
                "west": {
                    "uv": [3,10,4,11],
                    "texture": "#cake"
                },
                "east": {
                    "uv": [2,9,3,10],
                    "texture": "#cake"
                },
                "north": {
                    "uv": [2,9,3,10],
                    "texture": "#cake"
                },
                "south": {
                    "uv": [3,10,4,11],
                    "texture": "#cake"
                }
            }
        },
        {
            "from": [10.5,6,2.5],
            "to": [13.5,6.5,5.5],
            "faces": {
                "up": {
                    "uv": [7,9,7.5,10],
                    "texture": "#cake"
                },
                "west": {
                    "uv": [6,9,7,10],
                    "texture": "#cake"
                },
                "east": {
                    "uv": [6,9,7,10],
                    "texture": "#cake"
                },
                "north": {
                    "uv": [6,9,7,10],
                    "texture": "#cake"
                },
                "south": {
                    "uv": [6,9,7,10],
                    "texture": "#cake"
                }
            }
        },
        {
            "from": [6.5,6,11.5],
            "to": [9.5,6.5,14.5],
            "faces": {
                "up": {
                    "uv": [7,9,7.5,10],
                    "texture": "#cake"
                },
                "west": {
                    "uv": [6,9,7,10],
                    "texture": "#cake"
                },
                "east": {
                    "uv": [6,9,7,10],
                    "texture": "#cake"
                },
                "north": {
                    "uv": [6,9,7,10],
                    "texture": "#cake"
                },
                "south": {
                    "uv": [6,9,7,10],
                    "texture": "#cake"
                }
            }
        },
        {
            "from": [11.5,6,6.5],
            "to": [14.5,6.5,9.5],
            "faces": {
                "up": {
                    "uv": [7,9,7.5,10],
                    "texture": "#cake"
                },
                "west": {
                    "uv": [6,9,7,10],
                    "texture": "#cake"
                },
                "east": {
                    "uv": [6,9,7,10],
                    "texture": "#cake"
                },
                "north": {
                    "uv": [6,9,7,10],
                    "texture": "#cake"
                },
                "south": {
                    "uv": [6,9,7,10],
                    "texture": "#cake"
                }
            }
        },
        {
            "from": [2.5,6,10.5],
            "to": [5.5,6.5,13.5],
            "faces": {
                "up": {
                    "uv": [7,9,7.5,10],
                    "texture": "#cake"
                },
                "west": {
                    "uv": [6,9,7,10],
                    "texture": "#cake"
                },
                "east": {
                    "uv": [6,9,7,10],
                    "texture": "#cake"
                },
                "north": {
                    "uv": [6,9,7,10],
                    "texture": "#cake"
                },
                "south": {
                    "uv": [6,9,7,10],
                    "texture": "#cake"
                }
            }
        },
        {
            "from": [10.5,6,10.5],
            "to": [13.5,6.5,13.5],
            "faces": {
                "up": {
                    "uv": [7,9,7.5,10],
                    "texture": "#cake"
                },
                "west": {
                    "uv": [6,9,7,10],
                    "texture": "#cake"
                },
                "east": {
                    "uv": [6,9,7,10],
                    "texture": "#cake"
                },
                "north": {
                    "uv": [6,9,7,10],
                    "texture": "#cake"
                },
                "south": {
                    "uv": [6,9,7,10],
                    "texture": "#cake"
                }
            }
        },
        {
            "from": [1.5,6,6.5],
            "to": [4.5,6.5,9.5],
            "faces": {
                "up": {
                    "uv": [7,9,7.5,10],
                    "texture": "#cake"
                },
                "west": {
                    "uv": [6,9,7,10],
                    "texture": "#cake"
                },
                "east": {
                    "uv": [6,9,7,10],
                    "texture": "#cake"
                },
                "north": {
                    "uv": [6,9,7,10],
                    "texture": "#cake"
                },
                "south": {
                    "uv": [6,9,7,10],
                    "texture": "#cake"
                }
            }
        },
        {
            "from": [2.5,6,2.5],
            "to": [5.5,6.5,5.5],
            "faces": {
                "up": {
                    "uv": [7,9,7.5,10],
                    "texture": "#cake"
                },
                "west": {
                    "uv": [6,9,7,10],
                    "texture": "#cake"
                },
                "east": {
                    "uv": [6,9,7,10],
                    "texture": "#cake"
                },
                "north": {
                    "uv": [6,9,7,10],
                    "texture": "#cake"
                },
                "south": {
                    "uv": [6,9,7,10],
                    "texture": "#cake"
                }
            }
        },
        {
            "from": [6.5,6,1.5],
            "to": [9.5,6.5,4.5],
            "faces": {
                "up": {
                    "uv": [7,9,7.5,10],
                    "texture": "#cake"
                },
                "west": {
                    "uv": [6,9,7,10],
                    "texture": "#cake"
                },
                "east": {
                    "uv": [6,9,7,10],
                    "texture": "#cake"
                },
                "north": {
                    "uv": [6,9,7,10],
                    "texture": "#cake"
                },
                "south": {
                    "uv": [6,9,7,10],
                    "texture": "#cake"
                }
            }
        },
        {
            "from": [7.5,6,7.5],
            "to": [8.5,12,8.5],
            "faces": {
                "up": {
                    "uv": [8,4,8.5,4.5],
                    "texture": "#cake"
                },
                "west": {
                    "uv": [8,4,8.5,7],
                    "texture": "#cake"
                },
                "east": {
                    "uv": [8,4,8.5,7],
                    "texture": "#cake"
                },
                "north": {
                    "uv": [8,4,8.5,7],
                    "texture": "#cake"
                },
                "south": {
                    "uv": [8,4,8.5,7],
                    "texture": "#cake"
                }
            }
        },
        {
            "from": [7,6,7],
            "to": [9,6.5,9],
            "faces": {
                "up": {
                    "uv": [7,9,7.5,10],
                    "texture": "#cake"
                },
                "west": {
                    "uv": [6,9,7,10],
                    "texture": "#cake"
                },
                "east": {
                    "uv": [6,9,7,10],
                    "texture": "#cake"
                },
                "north": {
                    "uv": [6,9,7,10],
                    "texture": "#cake"
                },
                "south": {
                    "uv": [6,9,7,10],
                    "texture": "#cake"
                }
            }
        },
        {
            "from": [2,6,7],
            "to": [4,8,9],
            "faces": {
                "up": {
                    "uv": [3,9,4,10],
                    "texture": "#cake"
                },
                "west": {
                    "uv": [3,10,4,11],
                    "texture": "#cake"
                },
                "east": {
                    "uv": [2,9,3,10],
                    "texture": "#cake"
                },
                "north": {
                    "uv": [2,9,3,10],
                    "texture": "#cake"
                },
                "south": {
                    "uv": [3,10,4,11],
                    "texture": "#cake"
                }
            }
        },
        {
            "from": [8,12,6],
            "to": [8,16,10],
            "faces": {
                "up": {
                    "uv": [3,9,4,10],
                    "texture": "#cake"
                },
                "west": {
                    "uv": [0,0,16,16],
                    "texture": "#fire"
                },
                "east": {
                    "uv": [0,0,16,16],
                    "texture": "#fire"
                },
                "north": {
                    "uv": [2,9,3,10],
                    "texture": "#cake"
                },
                "south": {
                    "uv": [3,10,4,11],
                    "texture": "#cake"
                }
            }
        },
        {
            "from": [6,12,8],
            "to": [10,16,8],
            "faces": {
                "up": {
                    "uv": [3,9,4,10],
                    "texture": "#cake"
                },
                "west": {
                    "uv": [7.5,1.5,8.5,3],
                    "texture": "#cake"
                },
                "east": {
                    "uv": [7.5,1.5,8.5,3],
                    "texture": "#cake"
                },
                "north": {
                    "uv": [0,0,16,16],
                    "texture": "#fire"
                },
                "south": {
                    "uv": [0,0,16,16],
                    "texture": "#fire"
                }
            }
        }
    ]
}