{
    "__createdwith": "opl's Model Creator",
    "ambientocclusion": true,
    "textures": {
        "particle": "blocks/reeds"
    },
    "elements": [
        {
            "from": [2,-2,3],
            "to": [5,14,6],
            "faces": {
                "up": {
                    "uv": [12,6,15,9],
                    "texture": "#particle"
                },
                "west": {
                    "uv": [2,0,5,16],
                    "texture": "#particle"
                },
                "east": {
                    "uv": [2,0,5,16],
                    "texture": "#particle"
                },
                "north": {
                    "uv": [2,0,5,16],
                    "texture": "#particle"
                },
                "south": {
                    "uv": [2,0,5,16],
                    "texture": "#particle"
                }
            }
        },
        {
            "from": [6,0,7],
            "to": [9,16,10],
            "faces": {
                "up": {
                    "uv": [12,6,15,9],
                    "texture": "#particle"
                },
                "west": {
                    "uv": [2,0,5,16],
                    "texture": "#particle"
                },
                "east": {
                    "uv": [2,0,5,16],
                    "texture": "#particle"
                },
                "north": {
                    "uv": [2,0,5,16],
                    "texture": "#particle"
                },
                "south": {
                    "uv": [2,0,5,16],
                    "texture": "#particle"
                }
            }
        },
        {
            "from": [1,-1,9],
            "to": [3,15,11],
            "faces": {
                "up": {
                    "uv": [13,6,15,8],
                    "texture": "#particle"
                },
                "west": {
                    "uv": [8,0,10,16],
                    "texture": "#particle"
                },
                "east": {
                    "uv": [8,0,10,16],
                    "texture": "#particle"
                },
                "north": {
                    "uv": [8,0,10,16],
                    "texture": "#particle"
                },
                "south": {
                    "uv": [8,0,10,16],
                    "texture": "#particle"
                }
            }
        },
        {
            "from": [8,-2,1],
            "to": [10,14,3],
            "faces": {
                "up": {
                    "uv": [13,6,15,8],
                    "texture": "#particle"
                },
                "west": {
                    "uv": [8,0,10,16],
                    "texture": "#particle"
                },
                "east": {
                    "uv": [8,0,10,16],
                    "texture": "#particle"
                },
                "north": {
                    "uv": [8,0,10,16],
                    "texture": "#particle"
                },
                "south": {
                    "uv": [8,0,10,16],
                    "texture": "#particle"
                }
            }
        },
        {
            "from": [11,-1,2],
            "to": [14,15,5],
            "faces": {
                "up": {
                    "uv": [12,6,15,9],
                    "texture": "#particle"
                },
                "west": {
                    "uv": [12,0,15,16],
                    "texture": "#particle"
                },
                "east": {
                    "uv": [12,0,15,16],
                    "texture": "#particle"
                },
                "north": {
                    "uv": [12,0,15,16],
                    "texture": "#particle"
                },
                "south": {
                    "uv": [12,0,15,16],
                    "texture": "#particle"
                }
            }
        },
        {
            "from": [13,-2,9],
            "to": [15,14,11],
            "faces": {
                "up": {
                    "uv": [13,6,15,8],
                    "texture": "#particle"
                },
                "west": {
                    "uv": [8,0,10,16],
                    "texture": "#particle"
                },
                "east": {
                    "uv": [8,0,10,16],
                    "texture": "#particle"
                },
                "north": {
                    "uv": [8,0,10,16],
                    "texture": "#particle"
                },
                "south": {
                    "uv": [8,0,10,16],
                    "texture": "#particle"
                }
            }
        },
        {
            "from": [9,-3,12],
            "to": [12,13,15],
            "faces": {
                "up": {
                    "uv": [12,6,15,9],
                    "texture": "#particle"
                },
                "west": {
                    "uv": [12,0,15,16],
                    "texture": "#particle"
                },
                "east": {
                    "uv": [12,0,15,16],
                    "texture": "#particle"
                },
                "north": {
                    "uv": [12,0,15,16],
                    "texture": "#particle"
                },
                "south": {
                    "uv": [12,0,15,16],
                    "texture": "#particle"
                }
            }
        },
        {
            "from": [4,0,14],
            "to": [6,16,16],
            "faces": {
                "up": {
                    "uv": [13,6,15,8],
                    "texture": "#particle"
                },
                "west": {
                    "uv": [13,0,15,16],
                    "texture": "#particle"
                },
                "east": {
                    "uv": [13,0,15,16],
                    "texture": "#particle"
                },
                "north": {
                    "uv": [13,0,15,16],
                    "texture": "#particle"
                },
                "south": {
                    "uv": [13,0,15,16],
                    "texture": "#particle"
                }
            }
        },
        {
            "from": [3,13,6],
            "to": [4,15,8],
            "faces": {
                "up": {
                    "uv": [5,4,6,6],
                    "texture": "#particle"
                },
                "down": {
                    "uv": [5,4,6,6],
                    "texture": "#particle"
                },
                "west": {
                    "uv": [5,4,7,6],
                    "texture": "#particle"
                },
                "east": {
                    "uv": [10,3,12,5],
                    "texture": "#particle"
                },
                "north": {
                    "uv": [5,4,6,6],
                    "texture": "#particle"
                },
                "south": {
                    "uv": [5,4,6,6],
                    "texture": "#particle"
                }
            }
        },
        {
            "from": [3,4,1],
            "to": [4,6,3],
            "faces": {
                "up": {
                    "uv": [5,4,6,6],
                    "texture": "#particle"
                },
                "down": {
                    "uv": [5,4,6,6],
                    "texture": "#particle"
                },
                "west": {
                    "uv": [0,11,2,13],
                    "texture": "#particle"
                },
                "east": {
                    "uv": [5,4,7,6],
                    "texture": "#particle"
                },
                "north": {
                    "uv": [5,4,6,6],
                    "texture": "#particle"
                }
            }
        },
        {
            "from": [14,8,3],
            "to": [16,10,4],
            "faces": {
                "up": {
                    "uv": [5,4,6,6],
                    "texture": "#particle"
                },
                "down": {
                    "uv": [5,4,6,6],
                    "texture": "#particle"
                },
                "east": {
                    "uv": [5,4,6,6],
                    "texture": "#particle"
                },
                "north": {
                    "uv": [10,3,12,5],
                    "texture": "#particle"
                },
                "south": {
                    "uv": [5,4,7,6],
                    "texture": "#particle"
                }
            }
        },
        {
            "from": [12,3,5],
            "to": [13,5,7],
            "faces": {
                "up": {
                    "uv": [5,4,6,6],
                    "texture": "#particle"
                },
                "down": {
                    "uv": [5,4,6,6],
                    "texture": "#particle"
                },
                "west": {
                    "uv": [5,4,7,6],
                    "texture": "#particle"
                },
                "east": {
                    "uv": [10,3,12,5],
                    "texture": "#particle"
                },
                "south": {
                    "uv": [5,4,6,6],
                    "texture": "#particle"
                }
            }
        },
        {
            "from": [12,1,13],
            "to": [14,3,14],
            "faces": {
                "up": {
                    "uv": [5,4,6,6],
                    "texture": "#particle"
                },
                "down": {
                    "uv": [5,4,6,6],
                    "texture": "#particle"
                },
                "east": {
                    "uv": [5,4,6,6],
                    "texture": "#particle"
                },
                "north": {
                    "uv": [10,3,12,5],
                    "texture": "#particle"
                },
                "south": {
                    "uv": [5,4,7,6],
                    "texture": "#particle"
                }
            }
        },
        {
            "from": [7,8,13],
            "to": [9,10,14],
            "faces": {
                "up": {
                    "uv": [5,4,6,6],
                    "texture": "#particle"
                },
                "down": {
                    "uv": [5,4,6,6],
                    "texture": "#particle"
                },
                "west": {
                    "uv": [1,11,2,13],
                    "texture": "#particle"
                },
                "north": {
                    "uv": [5,4,7,6],
                    "texture": "#particle"
                },
                "south": {
                    "uv": [10,3,12,5],
                    "texture": "#particle"
                }
            }
        },
        {
            "from": [2,7,11],
            "to": [3,9,13],
            "faces": {
                "up": {
                    "uv": [5,4,6,6],
                    "texture": "#particle"
                },
                "down": {
                    "uv": [5,4,6,6],
                    "texture": "#particle"
                },
                "west": {
                    "uv": [5,4,7,6],
                    "texture": "#particle"
                },
                "east": {
                    "uv": [10,3,12,5],
                    "texture": "#particle"
                },
                "north": {
                    "uv": [5,4,6,6],
                    "texture": "#particle"
                },
                "south": {
                    "uv": [5,4,6,6],
                    "texture": "#particle"
                }
            }
        },
        {
            "from": [9,12,8],
            "to": [11,14,9],
            "faces": {
                "up": {
                    "uv": [5,4,6,6],
                    "texture": "#particle"
                },
                "down": {
                    "uv": [5,4,6,6],
                    "texture": "#particle"
                },
                "east": {
                    "uv": [5,4,6,6],
                    "texture": "#particle"
                },
                "north": {
                    "uv": [10,3,12,5],
                    "texture": "#particle"
                },
                "south": {
                    "uv": [5,4,7,6],
                    "texture": "#particle"
                }
            }
        },
        {
            "from": [6,0,2],
            "to": [8,2,3],
            "faces": {
                "up": {
                    "uv": [5,4,6,6],
                    "texture": "#particle"
                },
                "down": {
                    "uv": [5,4,6,6],
                    "texture": "#particle"
                },
                "west": {
                    "uv": [1,11,2,13],
                    "texture": "#particle"
                },
                "north": {
                    "uv": [5,4,7,6],
                    "texture": "#particle"
                },
                "south": {
                    "uv": [10,3,12,5],
                    "texture": "#particle"
                }
            }
        },
        {
            "from": [2,13,15],
            "to": [4,15,16],
            "faces": {
                "up": {
                    "uv": [5,4,6,6],
                    "texture": "#particle"
                },
                "down": {
                    "uv": [5,4,6,6],
                    "texture": "#particle"
                },
                "west": {
                    "uv": [1,11,2,13],
                    "texture": "#particle"
                },
                "north": {
                    "uv": [5,4,7,6],
                    "texture": "#particle"
                },
                "south": {
                    "uv": [10,3,12,5],
                    "texture": "#particle"
                }
            }
        }
    ]
}