{
    "__createdwith": "opl's Model Creator",
    "ambientocclusion": false,
    "textures": {
        "rail": "randomblocks/rail/normal",
        "particle": "blocks/rail_activator",
        "activator": "blocks/rail_activator"
    },
    "elements": [
        {
            "from": [3,0,0],
            "to": [5,2,16],
            "faces": {
                "up": {
                    "texture": "#activator"
                },
                "down": {
                    "uv": [3,0,5,1],
                    "texture": "#activator"
                },
                "west": {
                    "uv": [8,1,16,2],
                    "texture": "#rail"
                },
                "east": {
                    "uv": [8,0,16,1],
                    "texture": "#rail"
                },
                "north": {
                    "uv": [8,0,8.5,1],
                    "texture": "#rail"
                },
                "south": {
                    "uv": [8,0,8.5,1],
                    "texture": "#rail"
                }
            }
        },
        {
            "from": [11,0,0],
            "to": [13,2,16],
            "faces": {
                "up": {
                    "texture": "#activator"
                },
                "down": {
                    "uv": [3,0,5,1],
                    "texture": "#activator"
                },
                "west": {
                    "uv": [8,1,16,2],
                    "texture": "#rail"
                },
                "east": {
                    "uv": [8,0,16,1],
                    "texture": "#rail"
                },
                "north": {
                    "uv": [8,0,8.5,1],
                    "texture": "#rail"
                },
                "south": {
                    "uv": [8,0,8.5,1],
                    "texture": "#rail"
                }
            }
        },
        {
            "from": [1,0.02,3],
            "to": [15,1,6],
            "faces": {
                "up": {
                    "texture": "#activator"
                },
                "down": {
                    "uv": [0.5,2.5,1.5,3],
                    "texture": "#rail"
                },
                "west": {
                    "uv": [3.5,2.5,5,3],
                    "texture": "#rail"
                },
                "east": {
                    "uv": [3,2.5,4.5,3],
                    "texture": "#rail"
                },
                "north": {
                    "uv": [1,5,15,6],
                    "texture": "#activator"
                },
                "south": {
                    "uv": [1,5,15,6],
                    "texture": "#activator"
                }
            }
        },
        {
            "from": [1,0.02,11],
            "to": [15,1,14],
            "faces": {
                "up": {
                    "texture": "#activator"
                },
                "down": {
                    "uv": [0.5,2.5,1.5,3],
                    "texture": "#rail"
                },
                "west": {
                    "uv": [3.5,2.5,5,3],
                    "texture": "#rail"
                },
                "east": {
                    "uv": [3,2.5,4.5,3],
                    "texture": "#rail"
                },
                "north": {
                    "uv": [1,5,15,6],
                    "texture": "#activator"
                },
                "south": {
                    "uv": [1,5,15,6],
                    "texture": "#activator"
                }
            }
        },
        {
            "from": [2,0.01,0.01],
            "to": [6,0.5,15.99],
            "faces": {
                "up": {
                    "texture": "#activator"
                },
                "down": {
                    "uv": [2,2,3,3],
                    "texture": "#activator"
                },
                "west": {
                    "uv": [2,14,3,15],
                    "texture": "#activator"
				},
                "east": {
                    "uv": [2,14,3,15],
                    "texture": "#activator"
                },
                "north": {
                    "uv": [2,2,3,3],
                    "texture": "#activator"
                },
                "south": {
                    "uv": [2,2,3,3],
                    "texture": "#activator"
                }
            }
        },
        {
            "from": [10,0.01,0.01],
            "to": [14,0.5,15.99],
            "faces": {
                "up": {
                    "texture": "#activator"
                },
                "down": {
                    "uv": [2,2,3,3],
                    "texture": "#activator"
                },
                "east": {
                    "uv": [13,6,14,7],
                    "texture": "#activator"
				},
                "west": {
                    "uv": [2,14,3,15],
                    "texture": "#activator"
                },
                "north": {
                    "uv": [2,2,3,3],
                    "texture": "#activator"
                },
                "south": {
                    "uv": [2,2,3,3],
                    "texture": "#activator"
                }
            }
        },
        {
            "from": [7,1,3],
            "to": [9,1.5,6],
            "faces": {
                "up": {
                    "uv": [7,7,9,10],
                    "texture": "#activator"
                },
                "down": {
                    "texture": "missingtexture"
                },
                "west": {
                    "uv": [7,9,9,10],
                    "texture": "#activator"
                },
                "east": {
                    "uv": [7,9,9,10],
                    "texture": "#activator"
                },
                "north": {
                    "uv": [7,9,9,10],
                    "texture": "#activator"
                },
                "south": {
                    "uv": [7,9,9,10],
                    "texture": "#activator"
                }
            }
        },
        {
            "from": [7,1,11],
            "to": [9,1.5,14],
            "faces": {
                "up": {
                    "uv": [7,7,9,10],
                    "texture": "#activator"
                },
                "down": {
                    "texture": "missingtexture"
                },
                "west": {
                    "uv": [7,9,9,10],
                    "texture": "#activator"
                },
                "east": {
                    "uv": [7,9,9,10],
                    "texture": "#activator"
                },
                "north": {
                    "uv": [7,9,9,10],
                    "texture": "#activator"
                },
                "south": {
                    "uv": [7,9,9,10],
                    "texture": "#activator"
                }
            }
        }
    ]
}