{
    "__createdwith": "opl's Model Creator",
    "ambientocclusion": false,
    "textures": {
        "particle": "blocks/rail_normal",
        "rail": "randomblocks/rail/normal"
    },
    "elements": [
        {
            "from": [3,0,8],
            "to": [5,2,16],
            "faces": {
                "up": {
                    "uv": [1.5,4,2.5,8],
                    "texture": "#rail"
                },
                "down": {
                    "uv": [9,1.5,9.5,2],
                    "texture": "#rail"
                },
                "west": {
                    "uv": [12,1,16,2],
                    "texture": "#rail"
                },
                "east": {
                    "uv": [12,1,16,2],
                    "texture": "#rail"
                },
                "north": {
                    "uv": [9,1,10,2],
                    "texture": "#rail"
                },
                "south": {
                    "uv": [9,1,10,2],
                    "texture": "#rail"
                }
            }
        },
        {
            "from": [11,0,13],
            "to": [13,2,16],
            "faces": {
                "up": {
                    "uv": [5.5,6.5,6.5,8],
                    "texture": "#rail"
                },
                "down": {
                    "uv": [9,1.5,9.5,2],
                    "texture": "#rail"
                },
                "west": {
                    "uv": [13.5,1,15,2],
                    "texture": "#rail"
                },
                "east": {
                    "uv": [9,1,10.5,2],
                    "texture": "#rail"
                },
                "north": {
                    "uv": [13,1,14,2],
                    "texture": "#rail"
                },
                "south": {
                    "uv": [9,1,10,2],
                    "texture": "#rail"
                }
            }
        },
        {
            "from": [13,0,11],
            "to": [16,2,13],
            "faces": {
                "up": {
                    "uv": [5.5,5,6.5,6.5],
                    "texture": "#rail"
                },
                "down": {
                    "uv": [9,1.5,9.5,2],
                    "texture": "#rail"
                },
                "west": {
                    "uv": [13,1,14,2],
                    "texture": "#rail"
                },
                "east": {
                    "uv": [9,1,10,2],
                    "texture": "#rail"
                },
                "north": {
                    "uv": [9,1,10.5,2],
                    "texture": "#rail"
                },
                "south": {
                    "uv": [9.5,1,11,2],
                    "texture": "#rail"
                }
            }
        },
        {
            "from": [8,0,3],
            "to": [16,2,5],
            "faces": {
                "up": {
                    "uv": [12,2,16,3],
                    "texture": "#rail"
                },
                "down": {
                    "uv": [9,1.5,9.5,2],
                    "texture": "#rail"
                },
                "west": {
                    "uv": [9,1,10,2],
                    "texture": "#rail"
                },
                "east": {
                    "uv": [9,1,10,2],
                    "texture": "#rail"
                },
                "north": {
                    "uv": [12,1,16,2],
                    "texture": "#rail"
                },
                "south": {
                    "uv": [12,1,16,2],
                    "texture": "#rail"
                }
            }
        },
        {
            "from": [1,0.01,12],
            "to": [11,1,15],
            "faces": {
                "up": {
                    "uv": [10,4.5,14.5,6],
                    "texture": "#rail"
                },
                "down": {
                    "uv": [7,2.5,7.5,3],
                    "texture": "#rail"
                },
                "west": {
                    "uv": [3,6.5,4.5,7],
                    "texture": "#rail"
                },
                "north": {
                    "uv": [3,6.5,5,7],
                    "texture": "#rail"
                },
                "south": {
                    "uv": [3,6.5,5,7],
                    "texture": "#rail"
                }
            }
        },
        {
            "from": [12,0.01,1],
            "to": [15,1,11],
            "faces": {
                "up": {
                    "uv": [14.5,3,16,7.5],
                    "texture": "#rail"
                },
                "down": {
                    "uv": [7,2.5,7.5,3],
                    "texture": "#rail"
                },
                "west": {
                    "uv": [3,6.5,5,7],
                    "texture": "#rail"
                },
                "east": {
                    "uv": [3,6.5,5,7],
                    "texture": "#rail"
                },
                "north": {
                    "uv": [3,6.5,4.5,7],
                    "texture": "#rail"
                }
            }
        },
        {
            "from": [1.5,0.01,8],
            "to": [16,0.99,11],
			"rotation": { "origin": [ 9.33, 0, 10 ], "axis": "y", "angle": -45 },
            "faces": {
                "up": {
                    "uv": [9.5,3,14.5,4.5],
                    "texture": "#rail"
                },
                "down": {
                    "uv": [7,2.5,7.5,3],
                    "texture": "#rail"
                },
                "west": {
                    "uv": [3.5,6.5,5,7],
                    "texture": "#rail"
                },
                "east": {
                    "uv": [3,6.5,5,7],
                    "texture": "#rail"
                },
                "north": {
                    "uv": [3,6.5,5,7],
                    "texture": "#rail"
                },
                "south": {
                    "uv": [3,6.5,5,7],
                    "texture": "#rail"
                }
            }
        },
        {
            "from": [3,0,1],
            "to": [5,1.99,8],
			"rotation": { "origin": [ 3, 0, 8 ], "axis": "y", "angle": -45 },
            "faces": {
                "up": {
                    "uv": [1.5,5,2.5,8],
                    "texture": "#rail"
                },
                "down": {
                    "uv": [9,1.5,9.5,2],
                    "texture": "#rail"
                },
                "west": {
                    "uv": [13,1,16,2],
                    "texture": "#rail"
                },
                "east": {
                    "uv": [13,1,16,2],
                    "texture": "#rail"
                },
                "north": {
                    "uv": [9,1,10,2],
                    "texture": "#rail"
                },
                "south": {
                    "uv": [9,1,10,2],
                    "texture": "#rail"
                }
            }
        },
        {
            "from": [11,0,9.33],
            "to": [13,1.99,12.1],
			"rotation": { "origin": [ 10, 0, 12.5 ], "axis": "y", "angle": -45 },
            "faces": {
                "up": {
                    "uv": [5.5,5,6.5,6.5],
                    "texture": "#rail"
                },
                "down": {
                    "uv": [9,1.5,9.5,2],
                    "texture": "#rail"
                },
                "west": {
                    "uv": [9,1,10,2],
                    "texture": "#rail"
                },
                "east": {
                    "uv": [9,1,10.5,2],
                    "texture": "#rail"
                },
                "north": {
                    "uv": [9,1,10,2],
                    "texture": "#rail"
                },
                "south": {
                    "uv": [13,1,14,2],
                    "texture": "#rail"
                }
            }
        }
    ]
}