{
    "__createdwith": "opl's Model Creator",
    "ambientocclusion": false,
    "textures": {
        "particle": "randomblocks/doors/door_iron"
    },
    "elements": [
        {
            "from": [0,13,0],
            "to": [3,16,16],
            "faces": {
                "up": {
                    "uv": [2,15,2.5,15.5],
                    "texture": "#particle"
                },
                "down": {
                    "uv": [2,15.5,2.5,16],
                    "texture": "#particle"
                },
                "west": {
                    "uv": [0,14.5,8,16],
                    "texture": "#particle"
                },
                "east": {
                    "uv": [0,0,8,1.5],
                    "texture": "#particle"
                },
                "north": {
                    "uv": [0,14.5,1.5,16],
                    "texture": "#particle"
                },
                "south": {
                    "uv": [6.5,14.5,8,16],
                    "texture": "#particle"
                }
            }
        },
        {
            "from": [0,0,13],
            "to": [3,13,16],
            "faces": {
                "west": {
                    "uv": [6.5,1.5,8,8],
                    "texture": "#particle"
                },
                "east": {
                    "uv": [0,1.5,1.5,8],
                    "texture": "#particle"
                },
                "north": {
                    "uv": [0,8,1.5,14.5],
                    "texture": "#particle"
                },
                "south": {
                    "uv": [6.5,1.5,8,8],
                    "texture": "#particle"
                }
            }
        },
        {
            "from": [0,0,0],
            "to": [3,13,3],
            "faces": {
                "west": {
                    "uv": [0,1.5,1.5,8],
                    "texture": "#particle"
                },
                "east": {
                    "uv": [6.5,1.5,8,8],
                    "texture": "#particle"
                },
                "north": {
                    "uv": [6.5,1.5,8,8],
                    "texture": "#particle"
                },
                "south": {
                    "uv": [0,8,1.5,14.5],
                    "texture": "#particle"
                }
            }
        },
        {
            "from": [1,8,3],
            "to": [2,13,13],
            "faces": {
                "down": {
                    "uv": [2,15.5,2.5,16],
                    "texture": "#particle"
                },
                "west": {
                    "uv": [1.5,1.5,6.5,4],
                    "texture": "#particle"
                },
                "east": {
                    "uv": [1.5,1.5,6.5,4],
                    "texture": "#particle"
                }
            }
        },
        {
            "from": [1,0,3],
            "to": [2,6,13],
            "faces": {
                "up": {
                    "uv": [2,15,2.5,15.5],
                    "texture": "#particle"
                },
                "west": {
                    "uv": [1.5,5,6.5,7.5],
                    "texture": "#particle"
                },
                "east": {
                    "uv": [1.5,5,6.5,8],
                    "texture": "#particle"
                }
            }
        },
        {
            "from": [1,6,3],
            "to": [2,8,5],
            "faces": {
                "west": {
                    "uv": [1.5,4,2.5,5],
                    "texture": "#particle"
                },
                "east": {
                    "uv": [5.5,4,6.5,5],
                    "texture": "#particle"
                },
                "south": {
                    "uv": [5.5,2,6,2.5],
                    "texture": "#particle"
                }
            }
        },
        {
            "from": [1,6,11],
            "to": [2,8,13],
            "faces": {
                "west": {
                    "uv": [5.5,4,6.5,5],
                    "texture": "#particle"
                },
                "east": {
                    "uv": [1.5,4,2.5,5],
                    "texture": "#particle"
                },
                "north": {
                    "uv": [5.5,2,6,2.5],
                    "texture": "#particle"
                }
            }
        },
        {
            "from": [1,6,6],
            "to": [2,8,7],
            "faces": {
                "west": {
                    "uv": [4.5,4,5,5],
                    "texture": "#particle"
                },
                "east": {
                    "uv": [4.5,4,5,5],
                    "texture": "#particle"
                },
                "north": {
                    "uv": [4.5,4,5,5],
                    "texture": "#particle"
                },
                "south": {
                    "uv": [4.5,4,5,5],
                    "texture": "#particle"
                }
            }
        },
        {
            "from": [1,6,9],
            "to": [2,8,10],
            "faces": {
                "west": {
                    "uv": [4.5,4,5,5],
                    "texture": "#particle"
                },
                "east": {
                    "uv": [4.5,4,5,5],
                    "texture": "#particle"
                },
                "north": {
                    "uv": [4.5,4,5,5],
                    "texture": "#particle"
                },
                "south": {
                    "uv": [4.5,4,5,5],
                    "texture": "#particle"
                }
            }
        }
    ]
}