{
    "__createdwith": "opl's Model Creator",
    "ambientocclusion": true,
    "textures": {
        "particle": "randomblocks/fence/birch"
    },
    "elements": [
        {
            "from": [7,-1,0],
            "to": [9,15,4],
            "faces": {
                "up": {
                    "uv": [8,0,10,4],
                    "texture": "#particle"
                },
                "down": {
                    "uv": [4,0,6,4],
                    "texture": "#particle"
                },
                "west": {
                    "uv": [0,0,4,16],
                    "texture": "#particle"
                },
                "east": {
                    "uv": [0,0,4,16],
                    "texture": "#particle"
                },
                "north": {
                    "uv": [5,0,7,16],
                    "texture": "#particle"
                },
                "south": {
                    "uv": [4,0,6,16],
                    "texture": "#particle"
                }
            }
        },
        {
            "from": [7,0,4],
            "to": [9,16,8],
            "faces": {
                "up": {
                    "uv": [8,4,10,8],
                    "texture": "#particle"
                },
                "down": {
                    "uv": [8,3,10,7],
                    "texture": "#particle"
                },
                "west": {
                    "texture": "#particle"
                },
                "east": {
                    "texture": "#particle"
                },
                "north": {
                    "uv": [4,0,6,16],
                    "texture": "#particle"
                },
                "south": {
                    "uv": [8,0,10,16],
                    "texture": "#particle"
                }
            }
        },
        {
            "from": [7,-1,8],
            "to": [9,15,12],
            "faces": {
                "up": {
                    "uv": [8,8,10,12],
                    "texture": "#particle"
                },
                "down": {
                    "uv": [9,5,11,9],
                    "texture": "#particle"
                },
                "west": {
                    "uv": [8,0,12,16],
                    "texture": "#particle"
                },
                "east": {
                    "uv": [8,0,12,16],
                    "texture": "#particle"
                },
                "north": {
                    "uv": [0,0,2,16],
                    "texture": "#particle"
                },
                "south": {
                    "uv": [4,0,6,16],
                    "texture": "#particle"
                }
            }
        },
        {
            "from": [7,0,12],
            "to": [9,16,16],
            "faces": {
                "up": {
                    "uv": [12,6,14,10],
                    "texture": "#particle"
                },
                "down": {
                    "uv": [8,6,10,10],
                    "texture": "#particle"
                },
                "west": {
                    "texture": "#particle"
                },
                "east": {
                    "texture": "#particle"
                },
                "north": {
                    "uv": [9,0,11,16],
                    "texture": "#particle"
                },
                "south": {
                    "uv": [3,0,5,16],
                    "texture": "#particle"
                }
            }
        }
    ]
}