{
    "__createdwith": "opl's Model Creator",
    "ambientocclusion": true,
    "textures": {
        "particle": "randomblocks/slabs/netherbrick_top",
        "side": "randomblocks/slabs/netherbrick_double"
    },
    "elements": [
        {
            "from": [0,0,0],
            "to": [16,8,16],
            "faces": {
                "up": {
                    "texture": "#particle"
                },
                "down": {
                    "texture": "#particle"
                },
                "west": {
                    "texture": "#side"
                },
                "east": {
                    "texture": "#side"
                },
                "north": {
                    "texture": "#side"
                },
                "south": {
                    "texture": "#side"
                }
            }
        }
    ]
}