{
    "__createdwith": "opl's Model Creator",
    "ambientocclusion": true,
    "textures": {
        "particle": "randomblocks/slabs/purpur_double",
        "slab": "randomblocks/slabs/purpur",
        "top": "randomblocks/slabs/purpur_double"
    },
    "elements": [
        {
            "from": [0,8,0],
            "to": [16,16,16],
            "faces": {
                "up": {
                    "texture": "#top"
                },
                "down": {
                    "texture": "#top"
                },
                "west": {
                    "uv": [0,8,16,16],
                    "texture": "#slab"
                },
                "east": {
                    "uv": [0,8,16,16],
                    "texture": "#slab"
                },
                "north": {
                    "uv": [0,8,16,16],
                    "texture": "#slab"
                },
                "south": {
                    "uv": [0,8,16,16],
                    "texture": "#slab"
                }
            }
        }
    ]
}