{
    "__createdwith": "opl's Model Creator",
    "ambientocclusion": true,
    "textures": {
        "particle": "blocks/quartz_block_top",
        "slab": "randomblocks/slabs/quartz",
        "top": "blocks/quartz_block_top"
    },
    "elements": [
        {
            "from": [0,0,0],
            "to": [16,8,16],
            "faces": {
                "up": {
                    "texture": "#top"
                },
                "down": {
                    "texture": "#top"
                },
                "west": {
                    "texture": "#slab"
                },
                "east": {
                    "texture": "#slab"
                },
                "north": {
                    "texture": "#slab"
                },
                "south": {
                    "texture": "#slab"
                }
            }
        }
    ]
}