{
	"credit": "Made with Blockbench",
	"texture_size": [64, 64],
	"textures": {
		"0": "./sbmenu",
		"particle": "./sbmenu"
	},
	"elements": [
		{
			"from": [4, 1, 4],
			"to": [7, 3, 7],
			"rotation": {"angle": 0, "axis": "y", "origin": [15, 9, 15]},
			"faces": {
				"north": {"uv": [12, 0, 14, 2], "texture": "#0"},
				"east": {"uv": [14, 0, 16, 2], "texture": "#0"},
				"south": {"uv": [12, 1.75, 14, 3.75], "texture": "#0"},
				"west": {"uv": [13.75, 1.75, 15.75, 3.75], "texture": "#0"},
				"up": {"uv": [0, 0, 0.75, 0.75], "texture": "#0"},
				"down": {"uv": [0, 0, 0.75, 0.75], "texture": "#0"}
			}
		},
		{
			"from": [3.8, 3, 3.8],
			"to": [7.3, 3.5, 7.3],
			"rotation": {"angle": 0, "axis": "z", "origin": [15, 11, 15]},
			"faces": {
				"north": {"uv": [12.25, 4.75, 13.125, 4.875], "texture": "#0"},
				"east": {"uv": [12.5, 4.75, 13.375, 4.875], "texture": "#0"},
				"south": {"uv": [12.5, 4.75, 13.375, 4.875], "texture": "#0"},
				"west": {"uv": [12.25, 4.75, 13.125, 4.875], "texture": "#0"},
				"up": {"uv": [13, 5.75, 13.875, 6.625], "texture": "#0"},
				"down": {"uv": [0, 0, 0.875, 0.875], "texture": "#0"}
			}
		},
		{
			"from": [4, 3.5, 4],
			"to": [7, 4, 7],
			"rotation": {"angle": 0, "axis": "z", "origin": [15, 12, 15]},
			"faces": {
				"north": {"uv": [12.25, 4.75, 13, 4.875], "texture": "#0"},
				"east": {"uv": [12, 4.75, 12.75, 4.875], "texture": "#0"},
				"south": {"uv": [12.25, 4.75, 13, 4.875], "texture": "#0"},
				"west": {"uv": [12, 4.75, 12.75, 4.875], "texture": "#0"},
				"up": {"uv": [14.5, 4, 15.25, 4.75], "texture": "#0"},
				"down": {"uv": [0, 0, 0.75, 0.75], "texture": "#0"}
			}
		},
		{
			"from": [4.2, 4, 4.2],
			"to": [6.7, 4.5, 6.7],
			"rotation": {"angle": 0, "axis": "z", "origin": [15, 13, 15]},
			"faces": {
				"north": {"uv": [12, 4.75, 12.625, 4.875], "texture": "#0"},
				"east": {"uv": [12.25, 4.75, 12.875, 4.875], "texture": "#0"},
				"south": {"uv": [12.25, 4.75, 12.875, 4.875], "texture": "#0"},
				"west": {"uv": [13, 4.75, 13.625, 4.875], "texture": "#0"},
				"up": {"uv": [15.25, 4.5, 15.875, 5.125], "texture": "#0"},
				"down": {"uv": [0, 0, 0.625, 0.625], "texture": "#0"}
			}
		},
		{
			"from": [8, 2, 4],
			"to": [11, 3, 7],
			"rotation": {"angle": 0, "axis": "y", "origin": [19, 10, 15]},
			"faces": {
				"north": {"uv": [10.5, 1, 11.25, 1.25], "texture": "#0"},
				"east": {"uv": [10.25, 1, 11, 1.25], "texture": "#0"},
				"south": {"uv": [10.25, 1.5, 11, 1.75], "texture": "#0"},
				"west": {"uv": [10.75, 0.25, 11.5, 0.5], "texture": "#0"},
				"up": {"uv": [10, 1, 10.75, 1.75], "texture": "#0"},
				"down": {"uv": [0, 0, 0.75, 0.75], "texture": "#0"}
			}
		},
		{
			"from": [8, 3, 4],
			"to": [11, 4, 6],
			"rotation": {"angle": 0, "axis": "y", "origin": [19, 11, 15]},
			"faces": {
				"north": {"uv": [10.75, 0.25, 11.5, 0.5], "texture": "#0"},
				"east": {"uv": [11.25, 0.25, 11.75, 0.5], "texture": "#0"},
				"south": {"uv": [10.75, 0.25, 11.5, 0.5], "texture": "#0"},
				"west": {"uv": [11.25, 0, 11.75, 0.25], "texture": "#0"},
				"up": {"uv": [10.5, 0, 11.25, 0.5], "texture": "#0"},
				"down": {"uv": [0, 0, 0.75, 0.5], "texture": "#0"}
			}
		},
		{
			"from": [8, 3, 4],
			"to": [10, 4, 7],
			"rotation": {"angle": 0, "axis": "y", "origin": [19, 11, 15]},
			"faces": {
				"north": {"uv": [10.75, 1.5, 11.25, 1.75], "texture": "#0"},
				"east": {"uv": [11, 0, 11.75, 0.25], "texture": "#0"},
				"south": {"uv": [10.25, 1, 10.75, 1.25], "texture": "#0"},
				"west": {"uv": [10.5, 0, 11.25, 0.25], "texture": "#0"},
				"up": {"uv": [10.5, 1, 11, 1.75], "texture": "#0"},
				"down": {"uv": [0, 0, 0.5, 0.75], "texture": "#0"}
			}
		},
		{
			"from": [10, 2, 11],
			"to": [13, 3, 14],
			"rotation": {"angle": 0, "axis": "y", "origin": [21, 10, 22]},
			"faces": {
				"north": {"uv": [10.5, 0, 11.25, 0.25], "texture": "#0"},
				"east": {"uv": [11, 1.25, 11.75, 1.5], "texture": "#0"},
				"south": {"uv": [10.75, 1, 11.5, 1.25], "texture": "#0"},
				"west": {"uv": [10.75, 0, 11.5, 0.25], "texture": "#0"},
				"up": {"uv": [10.5, 0, 11.25, 0.75], "texture": "#0"},
				"down": {"uv": [0, 0, 0.75, 0.75], "texture": "#0"}
			}
		},
		{
			"from": [11, 3, 11],
			"to": [13, 4, 14],
			"rotation": {"angle": 0, "axis": "y", "origin": [21, 11, 22]},
			"faces": {
				"north": {"uv": [11, 0, 11.5, 0.25], "texture": "#0"},
				"east": {"uv": [10.25, 1.25, 11, 1.5], "texture": "#0"},
				"south": {"uv": [10.5, 1, 11, 1.25], "texture": "#0"},
				"west": {"uv": [10.75, 0, 11.5, 0.25], "texture": "#0"},
				"up": {"uv": [10.5, 0, 11, 0.75], "texture": "#0"},
				"down": {"uv": [0, 0, 0.5, 0.75], "texture": "#0"}
			}
		},
		{
			"from": [10, 3, 11],
			"to": [13, 4, 13],
			"rotation": {"angle": 0, "axis": "y", "origin": [21, 11, 22]},
			"faces": {
				"north": {"uv": [10.5, 0.25, 11.25, 0.5], "texture": "#0"},
				"east": {"uv": [10.5, 1.25, 11, 1.5], "texture": "#0"},
				"south": {"uv": [10.75, 0.5, 11.5, 0.75], "texture": "#0"},
				"west": {"uv": [11, 0, 11.5, 0.25], "texture": "#0"},
				"up": {"uv": [11.25, 0, 12, 0.5], "texture": "#0"},
				"down": {"uv": [0, 0, 0.75, 0.5], "texture": "#0"}
			}
		},
		{
			"from": [10.5, 4, 12],
			"to": [12.5, 5, 13],
			"rotation": {"angle": 0, "axis": "y", "origin": [21, 12, 23]},
			"faces": {
				"north": {"uv": [11, 0.25, 11.5, 0.5], "texture": "#0"},
				"east": {"uv": [10.5, 0.25, 10.75, 0.5], "texture": "#0"},
				"south": {"uv": [10.5, 0.25, 11, 0.5], "texture": "#0"},
				"west": {"uv": [11.25, 0, 11.5, 0.25], "texture": "#0"},
				"up": {"uv": [10.5, 0.25, 11, 0.5], "texture": "#0"},
				"down": {"uv": [0, 0, 0.5, 0.25], "texture": "#0"}
			}
		},
		{
			"from": [8.5, 4, 5],
			"to": [10.5, 5, 6],
			"rotation": {"angle": 0, "axis": "y", "origin": [19, 12, 16]},
			"faces": {
				"north": {"uv": [10.75, 0.25, 11.25, 0.5], "texture": "#0"},
				"east": {"uv": [10.75, 0, 11, 0.25], "texture": "#0"},
				"south": {"uv": [10.5, 0.5, 11, 0.75], "texture": "#0"},
				"west": {"uv": [11, 0, 11.25, 0.25], "texture": "#0"},
				"up": {"uv": [10.75, 0, 11.25, 0.25], "texture": "#0"},
				"down": {"uv": [0, 0, 0.5, 0.25], "texture": "#0"}
			}
		},
		{
			"from": [11, 4, 11.5],
			"to": [12, 5, 13.5],
			"rotation": {"angle": 0, "axis": "y", "origin": [21, 12, 23]},
			"faces": {
				"north": {"uv": [10.75, 0, 11, 0.25], "texture": "#0"},
				"east": {"uv": [10.5, 0.5, 11, 0.75], "texture": "#0"},
				"south": {"uv": [10.5, 0, 10.75, 0.25], "texture": "#0"},
				"west": {"uv": [11.5, 0, 12, 0.25], "texture": "#0"},
				"up": {"uv": [10.75, 0, 11, 0.5], "texture": "#0"},
				"down": {"uv": [0, 0, 0.25, 0.5], "texture": "#0"}
			}
		},
		{
			"from": [9, 4, 4.5],
			"to": [10, 5, 6.5],
			"rotation": {"angle": 0, "axis": "y", "origin": [19, 12, 16]},
			"faces": {
				"north": {"uv": [10.5, 0, 10.75, 0.25], "texture": "#0"},
				"east": {"uv": [10.25, 0.75, 10.75, 1], "texture": "#0"},
				"south": {"uv": [10.75, 0, 11, 0.25], "texture": "#0"},
				"west": {"uv": [11, 0.25, 11.5, 0.5], "texture": "#0"},
				"up": {"uv": [10.75, 0, 11, 0.5], "texture": "#0"},
				"down": {"uv": [0, 0, 0.25, 0.5], "texture": "#0"}
			}
		},
		{
			"from": [9, 1, 5],
			"to": [10, 3, 6],
			"rotation": {"angle": 0, "axis": "y", "origin": [19, 9, 15]},
			"faces": {
				"north": {"uv": [10, 0, 10.25, 0.5], "texture": "#0"},
				"east": {"uv": [10, 0, 10.25, 0.5], "texture": "#0"},
				"south": {"uv": [10, 0, 10.25, 0.5], "texture": "#0"},
				"west": {"uv": [10, 0, 10.25, 0.5], "texture": "#0"},
				"up": {"uv": [0, 0, 0.25, 0.25], "texture": "#0"},
				"down": {"uv": [0, 0, 0.25, 0.25], "texture": "#0"}
			}
		},
		{
			"from": [11, 1, 12],
			"to": [12, 3, 13],
			"rotation": {"angle": 0, "axis": "y", "origin": [21, 9, 22]},
			"faces": {
				"north": {"uv": [10, 0, 10.25, 0.5], "texture": "#0"},
				"east": {"uv": [10, 0, 10.25, 0.5], "texture": "#0"},
				"south": {"uv": [10, 0, 10.25, 0.5], "texture": "#0"},
				"west": {"uv": [10, 0, 10.25, 0.5], "texture": "#0"},
				"up": {"uv": [10, 0.5, 10.25, 0.75], "texture": "#0"},
				"down": {"uv": [10.25, 0.25, 10.5, 0.5], "texture": "#0"}
			}
		},
		{
			"from": [3, 0, 3],
			"to": [9, 1, 9],
			"rotation": {"angle": 0, "axis": "y", "origin": [15, 8, 15]},
			"faces": {
				"north": {"uv": [2.5, 0, 4, 0.25], "texture": "#0"},
				"east": {"uv": [0, 0, 1.5, 0.25], "texture": "#0"},
				"south": {"uv": [3, 0.25, 4.5, 0.5], "texture": "#0"},
				"west": {"uv": [2.75, 0, 4.25, 0.25], "texture": "#0"},
				"up": {"uv": [7.25, 0, 9.25, 2], "texture": "#0"},
				"down": {"uv": [0, 0, 1.5, 1.5], "texture": "#0"}
			}
		},
		{
			"from": [4, -1, 4],
			"to": [5, 0, 8],
			"rotation": {"angle": 0, "axis": "y", "origin": [15, 7, 15]},
			"faces": {
				"north": {"uv": [0, 0, 0.25, 0.25], "texture": "#0"},
				"east": {"uv": [0, 0, 1, 0.25], "texture": "#0"},
				"south": {"uv": [0, 0, 0.25, 0.25], "texture": "#0"},
				"west": {"uv": [0, 0, 1, 0.25], "texture": "#0"},
				"up": {"uv": [0, 0, 0.25, 1], "texture": "#0"},
				"down": {"uv": [0, 0, 0.25, 1], "texture": "#0"}
			}
		},
		{
			"from": [11, -1, 10],
			"to": [12, 0, 14],
			"rotation": {"angle": 0, "axis": "y", "origin": [22, 7, 21]},
			"faces": {
				"north": {"uv": [0, 0, 0.25, 0.25], "texture": "#0"},
				"east": {"uv": [0, 0, 1, 0.25], "texture": "#0"},
				"south": {"uv": [0, 0, 0.25, 0.25], "texture": "#0"},
				"west": {"uv": [0, 0, 1, 0.25], "texture": "#0"},
				"up": {"uv": [0, 0, 0.25, 1], "texture": "#0"},
				"down": {"uv": [0, 0, 0.25, 1], "texture": "#0"}
			}
		},
		{
			"from": [5, -1, 4],
			"to": [11, 0, 14],
			"rotation": {"angle": 0, "axis": "y", "origin": [16, 7, 21]},
			"faces": {
				"north": {"uv": [0, 0, 1.5, 0.25], "texture": "#0"},
				"east": {"uv": [0, 0, 2.5, 0.25], "texture": "#0"},
				"south": {"uv": [0, 0, 1.5, 0.25], "texture": "#0"},
				"west": {"uv": [0, 0, 2, 0.25], "texture": "#0"},
				"up": {"uv": [0, 0, 1.5, 2.5], "texture": "#0"},
				"down": {"uv": [0, 0, 1.5, 2.5], "texture": "#0"}
			}
		},
		{
			"from": [9, 0, 3],
			"to": [12, 1, 9],
			"rotation": {"angle": 0, "axis": "y", "origin": [21, 8, 15]},
			"faces": {
				"north": {"uv": [4.75, 0, 5.5, 0.25], "texture": "#0"},
				"east": {"uv": [3, 0, 4.5, 0.25], "texture": "#0"},
				"south": {"uv": [0, 0, 0.75, 0.25], "texture": "#0"},
				"west": {"uv": [0, 0, 1.5, 0.25], "texture": "#0"},
				"up": {"uv": [9, 2, 10, 4], "texture": "#0"},
				"down": {"uv": [0, 0, 0.75, 1.5], "texture": "#0"}
			}
		},
		{
			"from": [4, 0, 9],
			"to": [7, 1, 15],
			"rotation": {"angle": 0, "axis": "y", "origin": [16, 8, 21]},
			"faces": {
				"north": {"uv": [0, 0, 0.75, 0.25], "texture": "#0"},
				"east": {"uv": [0, 0, 1.5, 0.25], "texture": "#0"},
				"south": {"uv": [4.25, 0, 5, 0.25], "texture": "#0"},
				"west": {"uv": [2.75, 0, 4.25, 0.25], "texture": "#0"},
				"up": {"uv": [6, 2, 7, 4], "texture": "#0"},
				"down": {"uv": [0, 0, 0.75, 1.5], "texture": "#0"}
			}
		},
		{
			"from": [5, -2, 5],
			"to": [10, -1, 7],
			"rotation": {"angle": 0, "axis": "y", "origin": [17, 6, 16]},
			"faces": {
				"north": {"uv": [0, 0, 1.25, 0.25], "texture": "#0"},
				"east": {"uv": [0, 0, 0.5, 0.25], "texture": "#0"},
				"south": {"uv": [0, 0, 1.25, 0.25], "texture": "#0"},
				"west": {"uv": [0, 0, 0.5, 0.25], "texture": "#0"},
				"up": {"uv": [0, 0, 1.25, 0.5], "texture": "#0"},
				"down": {"uv": [0, 0, 1.25, 0.5], "texture": "#0"}
			}
		},
		{
			"from": [6, -2, 11],
			"to": [11, -1, 13],
			"rotation": {"angle": 0, "axis": "y", "origin": [18, 6, 22]},
			"faces": {
				"north": {"uv": [0, 0, 1.25, 0.25], "texture": "#0"},
				"east": {"uv": [0, 0, 0.5, 0.25], "texture": "#0"},
				"south": {"uv": [0, 0, 1.25, 0.25], "texture": "#0"},
				"west": {"uv": [0, 0, 0.5, 0.25], "texture": "#0"},
				"up": {"uv": [0, 0, 1.25, 0.5], "texture": "#0"},
				"down": {"uv": [0, 0, 1.25, 0.5], "texture": "#0"}
			}
		},
		{
			"from": [6, -2, 7],
			"to": [10, -1, 11],
			"rotation": {"angle": 0, "axis": "y", "origin": [18, 6, 18]},
			"faces": {
				"north": {"uv": [0, 0, 1, 0.25], "texture": "#0"},
				"east": {"uv": [0, 0, 1, 0.25], "texture": "#0"},
				"south": {"uv": [0, 0, 1, 0.25], "texture": "#0"},
				"west": {"uv": [0, 0, 1, 0.25], "texture": "#0"},
				"up": {"uv": [0, 0, 1, 1], "texture": "#0"},
				"down": {"uv": [0, 0, 1, 1], "texture": "#0"}
			}
		},
		{
			"from": [7, -3, 6],
			"to": [9, -2, 12],
			"rotation": {"angle": 0, "axis": "y", "origin": [18, 5, 18]},
			"faces": {
				"north": {"uv": [0, 0, 0.5, 0.25], "texture": "#0"},
				"east": {"uv": [0, 0, 1.5, 0.25], "texture": "#0"},
				"south": {"uv": [0, 0, 0.5, 0.25], "texture": "#0"},
				"west": {"uv": [0, 0, 1.5, 0.25], "texture": "#0"},
				"up": {"uv": [0, 0, 0.5, 1.5], "texture": "#0"},
				"down": {"uv": [0, 0, 0.5, 1.5], "texture": "#0"}
			}
		},
		{
			"from": [7, 0, 9],
			"to": [13, 1, 15],
			"rotation": {"angle": 0, "axis": "y", "origin": [19, 8, 21]},
			"faces": {
				"north": {"uv": [3.75, 0, 5.25, 0.25], "texture": "#0"},
				"east": {"uv": [3, 0, 4.5, 0.25], "texture": "#0"},
				"south": {"uv": [3.5, 0, 5, 0.25], "texture": "#0"},
				"west": {"uv": [0, 0, 1.5, 0.25], "texture": "#0"},
				"up": {"uv": [6.5, 2, 9.25, 4], "texture": "#0"},
				"down": {"uv": [0, 0, 1.5, 1.5], "texture": "#0"}
			}
		},
		{
			"from": [3.9, -4, 10],
			"to": [3.9, 1, 13],
			"rotation": {"angle": 0, "axis": "y", "origin": [11, 8, 20]},
			"faces": {
				"north": {"uv": [0, 0, 0, 1.25], "texture": "#0"},
				"east": {"uv": [4.25, 3.5, 6, 2.25], "rotation": 270, "texture": "#0"},
				"south": {"uv": [0, 0, 0, 1.25], "texture": "#0"},
				"west": {"uv": [4.25, 2.25, 6, 3.5], "rotation": 270, "texture": "#0"},
				"up": {"uv": [0, 0, 0, 0.75], "texture": "#0"},
				"down": {"uv": [0, 0, 0, 0.75], "texture": "#0"}
			}
		},
		{
			"from": [3.8, -6, 10],
			"to": [3.8, -3, 15],
			"rotation": {"angle": 0, "axis": "y", "origin": [12, 3, 19]},
			"faces": {
				"north": {"uv": [0, 0, 0, 1.25], "texture": "#0"},
				"east": {"uv": [1.75, 2.5, 0, 3.5], "texture": "#0"},
				"south": {"uv": [0, 0, 0, 1.25], "texture": "#0"},
				"west": {"uv": [0, 2.5, 1.75, 3.5], "texture": "#0"},
				"up": {"uv": [0, 0, 0, 0.75], "texture": "#0"},
				"down": {"uv": [0, 0, 0, 0.75], "texture": "#0"}
			}
		}
	],
	"display": {
		"thirdperson": {
			"rotation": [-180, 0, 0],
			"translation": [0, -1, -3],
			"scale": [0.5, 0.5, 0.5]
		},
		"firstperson": {
			"translation": [0, 8, 0],
			"rotation": [0, -22.5, 0],
			"scale": [1, 1, 1]
		},
		"gui": {
			"rotation": [0 , -180, 0],
			"translation": [0 , 7, 0],
			"scale": [2, 2, 2]
		}
	},
	"groups": [
		{
			"name": "top",
			"origin": [18, 5, 18],
			"children": [0, 1, 2, 3, 4, 5, 6, 7, 8, 9, 10, 11, 12, 13, 14, 15]
		},
		{
			"name": "bottom",
			"origin": [19, 8, 21],
			"children": [16, 17, 18, 19, 20, 21, 22, 23, 24, 25, 26, 27, 28]
		}
	]
}