{
    "__createdwith": "opl's Model Creator",
    "ambientocclusion": true,
    "textures": {
        "particle": "randomblocks/fence/gate_jungle"
    },
    "elements": [
        {
            "from": [0,0,7],
            "to": [2,15,12],
            "faces": {
                "up": {
                    "uv": [11,7,13,12],
                    "texture": "#particle"
                },
                "down": {
                    "uv": [5,3,7,8],
                    "texture": "#particle"
                },
                "west": {
                    "uv": [11,1,16,16],
                    "texture": "#particle"
                },
                "east": {
                    "uv": [0,1,5,16],
                    "texture": "#particle"
                },
                "north": {
                    "texture": "#particle"
                }
            }
        },
        {
            "from": [14,0,12],
            "to": [16,16,14],
            "faces": {
                "up": {
                    "uv": [11,7,13,9],
                    "texture": "#particle"
                },
                "down": {
                    "uv": [11,7,13,9],
                    "texture": "#particle"
                },
                "west": {
                    "uv": [0,0,2,16],
                    "texture": "#particle"
                },
                "east": {
                    "uv": [5,0,7,16],
                    "texture": "#particle"
                },
                "north": {
                    "uv": [0,0,2,16],
                    "texture": "#particle"
                },
                "south": {
                    "uv": [5,0,7,16],
                    "texture": "#particle"
                }
            }
        },
        {
            "from": [0,0,12],
            "to": [2,16,14],
            "faces": {
                "up": {
                    "uv": [11,7,13,9],
                    "texture": "#particle"
                },
                "down": {
                    "uv": [11,8,13,10],
                    "texture": "#particle"
                },
                "west": {
                    "uv": [11,0,13,16],
                    "texture": "#particle"
                },
                "east": {
                    "uv": [5,0,7,16],
                    "texture": "#particle"
                },
                "north": {
                    "uv": [5,0,7,16],
                    "texture": "#particle"
                },
                "south": {
                    "uv": [0,0,2,16],
                    "texture": "#particle"
                }
            }
        },
        {
            "from": [14,0,7],
            "to": [16,15,12],
            "faces": {
                "up": {
                    "uv": [11,7,13,12],
                    "texture": "#particle"
                },
                "down": {
                    "uv": [11,7,13,12],
                    "texture": "#particle"
                },
                "west": {
                    "uv": [0,1,5,16],
                    "texture": "#particle"
                },
                "east": {
                    "uv": [11,1,16,16],
                    "texture": "#particle"
                },
                "north": {
                    "texture": "#particle"
                }
            }
        }
    ]
}