{
    "__createdwith": "opl's Model Creator",
    "ambientocclusion": true,
    "textures": {
        "particle": "randomblocks/fence/oak",
        "planks": "blocks/planks_oak"
    },
    "elements": [
        {
            "from": [0,0,7],
            "to": [2,16,9],
            "faces": {
                "up": {
                    "uv": [0,0,2,2],
                    "texture": "#planks"
                },
                "down": {
                    "uv": [0,0,2,2],
                    "texture": "#planks"
                },
                "west": {
                    "uv": [5,0,7,16],
                    "texture": "#particle"
                },
                "east": {
                    "uv": [5,0,7,16],
                    "texture": "#particle"
                },
                "north": {
                    "uv": [0,0,2,16],
                    "texture": "#particle"
                },
                "south": {
                    "uv": [11,0,13,16],
                    "texture": "#particle"
                }
            }
        },
        {
            "from": [14,0,7],
            "to": [16,16,9],
            "faces": {
                "up": {
                    "uv": [0,0,2,2],
                    "texture": "#planks"
                },
                "down": {
                    "uv": [0,0,2,2],
                    "texture": "#planks"
                },
                "west": {
                    "uv": [11,0,13,16],
                    "texture": "#particle"
                },
                "east": {
                    "uv": [0,0,2,16],
                    "texture": "#particle"
                },
                "north": {
                    "uv": [5,0,7,16],
                    "texture": "#particle"
                },
                "south": {
                    "uv": [5,0,7,16],
                    "texture": "#particle"
                }
            }
        },
        {
            "from": [2,10,7],
            "to": [6,14,9],
            "faces": {
                "up": {
                    "uv": [0,0,4,2],
                    "texture": "#planks"
                },
                "down": {
                    "uv": [0,0,4,2],
                    "texture": "#planks"
                },
                "north": {
                    "uv": [12,5,16,9],
                    "texture": "#planks"
                },
                "south": {
                    "uv": [12,5,16,9],
                    "texture": "#planks"
                }
            }
        },
        {
            "from": [6,0,7],
            "to": [10,16,9],
            "faces": {
                "up": {
                    "uv": [0,0,4,2],
                    "texture": "#planks"
                },
                "down": {
                    "uv": [0,0,4,2],
                    "texture": "#planks"
                },
                "west": {
                    "uv": [5,0,7,16],
                    "texture": "#particle"
                },
                "east": {
                    "uv": [5,0,7,16],
                    "texture": "#particle"
                },
                "north": {
                    "uv": [0,0,4,16],
                    "texture": "#particle"
                },
                "south": {
                    "uv": [11,0,15,16],
                    "texture": "#particle"
                }
            }
        },
        {
            "from": [2,2,7],
            "to": [6,6,9],
            "faces": {
                "up": {
                    "uv": [0,0,4,2],
                    "texture": "#planks"
                },
                "down": {
                    "uv": [0,0,4,2],
                    "texture": "#planks"
                },
                "north": {
                    "uv": [5,0,9,4],
                    "texture": "#planks"
                },
                "south": {
                    "uv": [12,11,16,15],
                    "texture": "#planks"
                }
            }
        },
        {
            "from": [10,10,7],
            "to": [14,14,9],
            "faces": {
                "up": {
                    "uv": [0,0,4,2],
                    "texture": "#planks"
                },
                "down": {
                    "uv": [0,0,4,2],
                    "texture": "#planks"
                },
                "north": {
                    "uv": [5,5,9,9],
                    "texture": "#planks"
                },
                "south": {
                    "uv": [12,0,16,4],
                    "texture": "#planks"
                }
            }
        },
        {
            "from": [10,2,7],
            "to": [14,6,9],
            "faces": {
                "up": {
                    "uv": [0,0,4,2],
                    "texture": "#planks"
                },
                "down": {
                    "uv": [0,0,4,2],
                    "texture": "#planks"
                },
                "north": {
                    "uv": [0,11,4,15],
                    "texture": "#planks"
                },
                "south": {
                    "uv": [5,5,9,9],
                    "texture": "#planks"
                }
            }
        }
    ]
}