{
    "__createdwith": "opl's Model Creator",
    "ambientocclusion": false,
    "textures": {
        "particle": "randomblocks/fence/acacia",
        "planks": "blocks/planks_acacia"
    },
    "elements": [
        {
            "from": [6,0,6],
            "to": [10,16,10],
            "faces": {
                "up": {
                    "uv": [0,0,4,4],
                    "texture": "#particle"
                },
                "down": {
                    "uv": [4,0,8,4],
                    "texture": "#particle"
                },
                "west": {
                    "uv": [4,0,8,16],
                    "texture": "#particle"
                },
                "east": {
                    "uv": [12,0,16,16],
                    "texture": "#particle"
                },
                "north": {
                    "uv": [0,0,4,16],
                    "texture": "#particle"
                },
                "south": {
                    "uv": [8,0,12,16],
                    "texture": "#particle"
                }
            }
        },
        {
            "from": [7,-1,0],
            "to": [9,15,6],
            "faces": {
                "up": {
                    "uv": [0,0,2,6],
                    "texture": "#particle"
                },
                "down": {
                    "uv": [4,0,6,6],
                    "texture": "#particle"
                },
                "west": {
                    "uv": [2,0,8,16],
                    "texture": "#particle"
                },
                "east": {
                    "uv": [0,0,6,16],
                    "texture": "#particle"
                },
                "north": {
                    "uv": [0,0,2,16],
                    "texture": "#particle"
                },
                "south": {
                    "uv": [8,0,10,16],
                    "texture": "#particle"
                }
            }
        },
        {
            "from": [7,-1,10],
            "to": [9,15,16],
            "faces": {
                "up": {
                    "uv": [0,0,2,6],
                    "texture": "#particle"
                },
                "down": {
                    "uv": [4,0,6,6],
                    "texture": "#particle"
                },
                "west": {
                    "uv": [0,0,6,16],
                    "texture": "#particle"
                },
                "east": {
                    "uv": [2,0,8,16],
                    "texture": "#particle"
                },
                "north": {
                    "uv": [0,0,2,16],
                    "texture": "#particle"
                },
                "south": {
                    "uv": [8,0,10,16],
                    "texture": "#particle"
                }
            }
        }
    ]
}