{
    "__createdwith": "opl's Model Creator",
    "ambientocclusion": true,
    "textures": {
        "particle": "randomblocks/fence/oak",
        "planks": "blocks/planks_oak"
    },
    "elements": [
        {
            "from": [6,0,6],
            "to": [10,16,10],
            "faces": {
                "up": {
                    "uv": [11,0,15,4],
                    "texture": "#particle"
                },
                "down": {
                    "uv": [0,0,4,4],
                    "texture": "#particle"
                },
                "west": {
                    "uv": [11,0,15,16],
                    "texture": "#particle"
                },
                "east": {
                    "uv": [11,0,15,16],
                    "texture": "#particle"
                },
                "north": {
                    "uv": [0,0,4,16],
                    "texture": "#particle"
                },
                "south": {
                    "uv": [0,0,4,16],
                    "texture": "#particle"
                }
            }
        },
        {
            "from": [7,10,0],
            "to": [9,14,6],
            "faces": {
                "up": {
                    "uv": [11,0,13,4],
                    "texture": "#particle"
                },
                "down": {
                    "uv": [0,0,2,4],
                    "texture": "#particle"
                },
                "west": {
                    "uv": [10,5,16,9],
                    "texture": "#planks"
                },
                "east": {
                    "uv": [4,5,10,9],
                    "texture": "#planks"
                },
                "north": {
                    "uv": [0,0,2,4],
                    "texture": "#particle"
                }
            }
        },
        {
            "from": [7,2,0],
            "to": [9,6,6],
            "faces": {
                "up": {
                    "uv": [11,0,13,4],
                    "texture": "#particle"
                },
                "down": {
                    "uv": [0,0,2,4],
                    "texture": "#particle"
                },
                "west": {
                    "uv": [10,11,16,15],
                    "texture": "#planks"
                },
                "east": {
                    "uv": [4,11,10,15],
                    "texture": "#planks"
                },
                "north": {
                    "uv": [0,0,2,4],
                    "texture": "#particle"
                }
            }
        },
        {
            "from": [7,10,10],
            "to": [9,14,16],
            "faces": {
                "up": {
                    "uv": [11,0,13,4],
                    "texture": "#particle"
                },
                "down": {
                    "uv": [0,0,2,4],
                    "texture": "#particle"
                },
                "west": {
                    "uv": [4,5,10,9],
                    "texture": "#planks"
                },
                "east": {
                    "uv": [10,5,16,9],
                    "texture": "#planks"
                },
                "south": {
                    "uv": [0,0,2,4],
                    "texture": "#particle"
                }
            }
        },
        {
            "from": [7,2,10],
            "to": [9,6,16],
            "faces": {
                "up": {
                    "uv": [11,0,13,4],
                    "texture": "#particle"
                },
                "down": {
                    "uv": [0,0,2,4],
                    "texture": "#particle"
                },
                "west": {
                    "uv": [4,11,10,15],
                    "texture": "#planks"
                },
                "east": {
                    "uv": [10,11,16,15],
                    "texture": "#planks"
                },
                "south": {
                    "uv": [0,0,2,4],
                    "texture": "#particle"
                }
            }
        }
    ]
}