{
    "__createdwith": "opl's Model Creator",
    "ambientocclusion": false,
    "textures": {
        "particle": "randomblocks/doors/door_dark_oak"
    },
    "elements": [
        {
            "from": [1,0,3],
            "to": [2,13,13],
            "faces": {
                "west": {
                    "uv": [1.5,1.5,6.5,8],
                    "texture": "#particle"
                },
                "east": {
                    "uv": [1.5,1.5,6.5,8],
                    "texture": "#particle"
                }
            }
        },
        {
            "from": [0,13,0],
            "to": [3,16,16],
            "faces": {
                "up": {
                    "uv": [0.5,0,1,0.5],
                    "texture": "#particle"
                },
                "down": {
                    "uv": [0,8,1.5,14.5],
                    "texture": "#particle"
                },
                "west": {
                    "uv": [0,0,8,1.5],
                    "texture": "#particle"
                },
                "east": {
                    "uv": [0,0,8,1.5],
                    "texture": "#particle"
                },
                "north": {
                    "uv": [0,1.5,1.5,3],
                    "texture": "#particle"
                },
                "south": {
                    "uv": [6.5,1.5,8,3],
                    "texture": "#particle"
                }
            }
        },
        {
            "from": [0,0,13],
            "to": [3,13,16],
            "faces": {
                "west": {
                    "uv": [6.5,1.5,8,8],
                    "texture": "#particle"
                },
                "east": {
                    "uv": [0,1.5,1.5,8],
                    "texture": "#particle"
                },
                "north": {
                    "uv": [0,8,1.5,14.5],
                    "texture": "#particle"
                },
                "south": {
                    "uv": [6.5,2,8,8.5],
                    "texture": "#particle"
                }
            }
        },
        {
            "from": [0,0,0],
            "to": [3,13,3],
            "faces": {
                "west": {
                    "uv": [0,1.5,1.5,8],
                    "texture": "#particle"
                },
                "east": {
                    "uv": [6.5,1.5,8,8],
                    "texture": "#particle"
                },
                "north": {
                    "uv": [0,2,1.5,8.5],
                    "texture": "#particle"
                },
                "south": {
                    "uv": [0,8,1.5,14.5],
                    "texture": "#particle"
                }
            }
        }
    ]
}